<?xml version="1.0" encoding="UTF-8"?>
<jcr:root xmlns:sling="http://sling.apache.org/jcr/sling/1.0" xmlns:cq="http://www.day.com/jcr/cq/1.0" xmlns:jcr="http://www.jcp.org/jcr/1.0" xmlns:mix="http://www.jcp.org/jcr/mix/1.0"
    jcr:primaryType="cq:Page">
    <jcr:content
        cq:lastModified="{Date}2012-11-27T15:14:26.299+01:00"
        cq:lastModifiedBy="admin"
        cq:lastReplicated="{Date}2015-03-03T12:44:08.544-08:00"
        cq:lastReplicatedBy="admin"
        cq:lastReplicationAction="Activate"
        cq:template="/apps/geometrixx-outdoors/templates/page"
        jcr:isCheckedOut="{Boolean}true"
        jcr:mixinTypes="[mix:versionable]"
        jcr:primaryType="cq:PageContent"
        jcr:title="Support"
        jcr:uuid="0786b468-eb1a-4b29-9370-8bd13f232afb"
        sling:resourceType="geometrixx-outdoors/components/page_no_sidebar">
        <par/>
        <badge/>
        <cq:meta jcr:primaryType="cq:meta">
            <last30Days
                jcr:primaryType="cq:meta"
                analytics_averagetimespentonpage="{Double}2.3"
                analytics_pageviews="{Long}445365"
                analytics_revenue="{Long}2349620"
                analytics_visitors="{Long}101538"/>
            <last90Days
                jcr:primaryType="cq:meta"
                analytics_averagetimespentonpage="{Double}0.1"
                analytics_pageviews="{Long}1"
                analytics_visitors="{Long}1"/>
            <last90DaysPrev
                jcr:primaryType="cq:meta"
                analytics_averagetimespentonpage="{Long}0"
                analytics_pageviews="{Long}1"
                analytics_visitors="{Long}1"/>
            <lastYear
                jcr:primaryType="cq:meta"
                analytics_averagetimespentonpage="{Double}0.1"
                analytics_pageviews="{Long}2"
                analytics_visitors="{Long}1"/>
        </cq:meta>
    </jcr:content>
    <editanswer/>
    <editquestion/>
    <newquestion/>
</jcr:root>
