{
  "jcr:primaryType": "nt:unstructured",
  "jcr:mixinTypes": [
    "rep:AccessControllable"
  ],
  "socialLucene": {
    "jcr:primaryType": "oak:QueryIndexDefinition",
    "compatVersion": 2,
    "name": "socialLucene",
    "type": "lucene",
    "async": "async",
    "evaluatePathRestrictions": true,
    "reindex": false,
    "reindexCount": 1,
    "indexRules": {
      "jcr:primaryType": "nt:unstructured",
      "social:asiResource": {
        "jcr:primaryType": "nt:unstructured",
        "indexNodeName": true,
        "properties": {
          "jcr:primaryType": "nt:unstructured",
          "social:baseType": {
            "jcr:primaryType": "nt:unstructured",
            "propertyIndex": true,
            "name": "social:baseType"
          },
          "added": {
            "jcr:primaryType": "nt:unstructured",
            "ordered": true,
            "propertyIndex": true,
            "name": "added"
          },
          "approved": {
            "jcr:primaryType": "nt:unstructured",
            "propertyIndex": true,
            "name": "approved"
          },
          "social:parentid": {
            "jcr:primaryType": "nt:unstructured",
            "propertyIndex": true,
            "name": "social:parentid"
          },
          "userIdentifier": {
            "jcr:primaryType": "nt:unstructured",
            "propertyIndex": true,
            "name": "userIdentifier"
          },
          "isFlaggedHidden": {
            "jcr:primaryType": "nt:unstructured",
            "propertyIndex": true,
            "name": "isFlaggedHidden"
          },
          "isDraft": {
            "jcr:primaryType": "nt:unstructured",
            "propertyIndex": true,
            "name": "isDraft"
          },
          "oak:counter": {
            "jcr:primaryType": "nt:unstructured",
            "ordered": true,
            "propertyIndex": true,
            "name": "oak:counter"
          },
          "jcr:description": {
            "jcr:primaryType": "nt:unstructured",
            "analyzed": true,
            "name": "jcr:description"
          },
          "jcr:title": {
            "jcr:primaryType": "nt:unstructured",
            "analyzed": true,
            "name": "jcr:title"
          }
        }
      }
    }
  },
  "cqCloudServiceConfig": {
    "jcr:primaryType": "oak:QueryIndexDefinition",
    "propertyNames": [
      "cq:cloudserviceconfig"
    ],
    "type": "property",
    "reindex": false,
    "reindexCount": 1
  },
  "cqMaster": {
    "jcr:primaryType": "oak:QueryIndexDefinition",
    "propertyNames": [
      "cq:master"
    ],
    "type": "property",
    "reindex": false,
    "reindexCount": 1
  },
  "workflowDataLucene": {
    "jcr:primaryType": "oak:QueryIndexDefinition",
    "compatVersion": 2,
    "type": "lucene",
    "async": [
      "async",
      "nrt"
    ],
    "reindex": false,
    "reindexCount": 1,
    "aggregates": {
      "jcr:primaryType": "nt:unstructured",
      "granite:InboxItem": {
        "jcr:primaryType": "nt:unstructured",
        "include0": {
          "jcr:primaryType": "nt:unstructured",
          "path": "metaData"
        }
      }
    },
    "indexRules": {
      "jcr:primaryType": "nt:unstructured",
      "granite:InboxItem": {
        "jcr:primaryType": "nt:unstructured",
        "includePropertyTypes": [
          "String"
        ],
        "properties": {
          "jcr:primaryType": "nt:unstructured",
          "startTime": {
            "jcr:primaryType": "nt:unstructured",
            "ordered": true,
            "propertyIndex": true,
            "name": "startTime",
            "type": "Date"
          },
          "assignee": {
            "jcr:primaryType": "nt:unstructured",
            "propertyIndex": true,
            "name": "assignee",
            "type": "String"
          },
          "status": {
            "jcr:primaryType": "nt:unstructured",
            "propertyIndex": true,
            "name": "status",
            "type": "String"
          },
          "contentPath": {
            "jcr:primaryType": "nt:unstructured",
            "propertyIndex": true,
            "name": "contentPath",
            "type": "String"
          },
          "createdBy": {
            "jcr:primaryType": "nt:unstructured",
            "propertyIndex": true,
            "name": "createdBy",
            "type": "String"
          },
          "priority": {
            "jcr:primaryType": "nt:unstructured",
            "ordered": true,
            "propertyIndex": true,
            "name": "priority",
            "type": "Long"
          },
          "nodeType": {
            "jcr:primaryType": "nt:unstructured",
            "propertyIndex": true,
            "name": "jcr:primaryType",
            "type": "String"
          },
          "subType": {
            "jcr:primaryType": "nt:unstructured",
            "propertyIndex": true,
            "name": "subType",
            "type": "String"
          },
          "endTime": {
            "jcr:primaryType": "nt:unstructured",
            "ordered": true,
            "propertyIndex": true,
            "name": "endTime",
            "type": "Date"
          },
          "lastModified": {
            "jcr:primaryType": "nt:unstructured",
            "ordered": true,
            "propertyIndex": true,
            "name": "lastModified",
            "type": "Date"
          },
          "dueTime": {
            "jcr:primaryType": "nt:unstructured",
            "ordered": true,
            "propertyIndex": true,
            "name": "dueTime",
            "type": "Date"
          },
          "progressBeginTime": {
            "jcr:primaryType": "nt:unstructured",
            "ordered": true,
            "propertyIndex": true,
            "name": "progressBeginTime",
            "type": "Date"
          },
          "wfModelId": {
            "jcr:primaryType": "nt:unstructured",
            "propertyIndex": true,
            "name": "wfModelId",
            "type": "String"
          },
          "prop": {
            "jcr:primaryType": "nt:unstructured",
            "nodeScopeIndex": true,
            "isRegexp": true,
            "name": "metaData/.*"
          },
          "prop_1": {
            "jcr:primaryType": "nt:unstructured",
            "nodeScopeIndex": true,
            "isRegexp": true,
            "name": ".*"
          }
        }
      },
      "cq:Workflow": {
        "jcr:primaryType": "nt:unstructured",
        "properties": {
          "jcr:primaryType": "nt:unstructured",
          "startTime": {
            "jcr:primaryType": "nt:unstructured",
            "ordered": true,
            "propertyIndex": true,
            "name": "startTime",
            "type": "Date"
          },
          "endTime": {
            "jcr:primaryType": "nt:unstructured",
            "ordered": true,
            "propertyIndex": true,
            "name": "endTime",
            "type": "Date"
          },
          "status": {
            "jcr:primaryType": "nt:unstructured",
            "propertyIndex": true,
            "name": "status",
            "type": "String"
          }
        }
      }
    }
  },
  "slingeventJob": {
    "jcr:primaryType": "oak:QueryIndexDefinition",
    "compatVersion": 2,
    "includedPaths": [
      "/var/eventing"
    ],
    "type": "lucene",
    "async": [
      "async",
      "sync"
    ],
    "reindex": false,
    "reindexCount": 1,
    "indexRules": {
      "jcr:primaryType": "nt:unstructured",
      "slingevent:Job": {
        "jcr:primaryType": "nt:unstructured",
        "properties": {
          "jcr:primaryType": "nt:unstructured",
          "eventJobTopic": {
            "jcr:primaryType": "nt:unstructured",
            "propertyIndex": true,
            "analyzed": true,
            "name": "event.job.topic",
            "type": "String"
          },
          "slingeventCreated": {
            "jcr:primaryType": "nt:unstructured",
            "ordered": true,
            "propertyIndex": true,
            "name": "slingevent:created",
            "type": "Date"
          },
          "slingeventId": {
            "jcr:primaryType": "nt:unstructured",
            "propertyIndex": true,
            "name": "slingevent:eventId"
          },
          "finishedState": {
            "jcr:primaryType": "nt:unstructured",
            "nullCheckEnabled": true,
            "propertyIndex": true,
            "name": "slingevent:finishedState",
            "type": "String"
          }
        }
      }
    }
  },
  "jcrLanguage": {
    "jcr:primaryType": "oak:QueryIndexDefinition",
    "declaringNodeTypes": [
      "mix:language"
    ],
    "propertyNames": [
      "jcr:language"
    ],
    "type": "property",
    "reindex": false,
    "reindexCount": 1
  },
  "extensionType": {
    "jcr:primaryType": "oak:QueryIndexDefinition",
    "propertyNames": [
      "extensionType"
    ],
    "type": "property",
    "reindex": false,
    "reindexCount": 1
  },
  "damScene7UploadTimeStamp": {
    "jcr:primaryType": "oak:QueryIndexDefinition",
    "propertyNames": [
      "dam:scene7UploadTimeStamp"
    ],
    "type": "property",
    "reindex": false,
    "reindexCount": 1
  },
  "containeeInstanceId": {
    "jcr:primaryType": "oak:QueryIndexDefinition",
    "propertyNames": [
      "containeeInstanceId"
    ],
    "type": "property",
    "reindex": false,
    "reindexCount": 1
  },
  "active": {
    "jcr:primaryType": "oak:QueryIndexDefinition",
    "propertyNames": [
      "active"
    ],
    "type": "property",
    "reindex": false,
    "reindexCount": 1
  },
  "cqMobileAppLucene": {
    "jcr:primaryType": "oak:QueryIndexDefinition",
    "compatVersion": 2,
    "indexPath": "/oak:index/cqMobileAppLucene",
    "type": "lucene",
    "async": "async",
    "evaluatePathRestrictions": true,
    "excludedPaths": [
      "/var",
      "/etc/replication",
      "/etc/workflow/instances",
      "/jcr:system"
    ],
    "reindex": false,
    "reindexCount": 1,
    "aggregates": {
      "jcr:primaryType": "nt:unstructured",
      "cq:MobileApp": {
        "jcr:primaryType": "nt:unstructured",
        "include0": {
          "jcr:primaryType": "nt:unstructured",
          "relativeNode": true,
          "path": "jcr:content"
        },
        "include1": {
          "jcr:primaryType": "nt:unstructured",
          "relativeNode": true,
          "path": "shell/jcr:content"
        },
        "include2": {
          "jcr:primaryType": "nt:unstructured",
          "relativeNode": true,
          "path": "shell/jcr:content/widget/*"
        }
      }
    },
    "indexRules": {
      "jcr:primaryType": "nt:unstructured",
      "cq:MobileApp": {
        "jcr:primaryType": "nt:unstructured",
        "properties": {
          "jcr:primaryType": "nt:unstructured",
          "appTitle": {
            "jcr:primaryType": "nt:unstructured",
            "nodeScopeIndex": true,
            "useInSuggest": true,
            "propertyIndex": true,
            "analyzed": true,
            "useInSpellcheck": true,
            "name": "jcr:content/jcr:title",
            "type": "String"
          },
          "description": {
            "jcr:primaryType": "nt:unstructured",
            "propertyIndex": true,
            "name": "jcr:content/jcr:description",
            "type": "String"
          },
          "widgetDescription": {
            "jcr:primaryType": "nt:unstructured",
            "propertyIndex": true,
            "name": "jcr:content/widget/description/text",
            "type": "String"
          }
        }
      }
    }
  },
  "versionStoreIndex": {
    "jcr:primaryType": "oak:QueryIndexDefinition",
    "compatVersion": 2,
    "includedPaths": [
      "/jcr:system/jcr:versionStorage"
    ],
    "type": "lucene",
    "async": [
      "async",
      "sync"
    ],
    "reindex": false,
    "reindexCount": 1,
    "indexRules": {
      "jcr:primaryType": "nt:unstructured",
      "nt:version": {
        "jcr:primaryType": "nt:unstructured",
        "properties": {
          "jcr:primaryType": "nt:unstructured",
          "content_parentPath": {
            "jcr:primaryType": "nt:unstructured",
            "notNullCheckEnabled": true,
            "propertyIndex": true,
            "name": "jcr:frozenNode/jcr:content/cq:parentPath",
            "type": "String"
          },
          "parentPath": {
            "jcr:primaryType": "nt:unstructured",
            "notNullCheckEnabled": true,
            "propertyIndex": true,
            "name": "jcr:frozenNode/cq:parentPath",
            "type": "String"
          }
        }
      },
      "nt:frozenNode": {
        "jcr:primaryType": "nt:unstructured",
        "properties": {
          "jcr:primaryType": "nt:unstructured",
          "name": {
            "jcr:primaryType": "nt:unstructured",
            "propertyIndex": true,
            "name": "cq:name",
            "type": "String"
          },
          "parentPath": {
            "jcr:primaryType": "nt:unstructured",
            "propertyIndex": true,
            "name": "cq:parentPath",
            "type": "String"
          }
        }
      }
    }
  },
  "cqIsCommunitySite": {
    "jcr:primaryType": "oak:QueryIndexDefinition",
    "propertyNames": [
      "cq:isCommunitySite"
    ],
    "type": "property",
    "reindex": false,
    "reindexCount": 1
  },
  "repMembers": {
    "jcr:primaryType": "oak:QueryIndexDefinition",
    "declaringNodeTypes": [
      "rep:MemberReferences"
    ],
    "propertyNames": [
      "rep:members"
    ],
    "info": "Oak index used by the user management to lookup group membership.",
    "type": "property",
    "reindex": false,
    "reindexCount": 1
  },
  "processingProfile": {
    "jcr:primaryType": "oak:QueryIndexDefinition",
    "propertyNames": [
      "processingProfile"
    ],
    "type": "property",
    "reindex": false,
    "reindexCount": 1
  },
  "counter": {
    "jcr:primaryType": "oak:QueryIndexDefinition",
    "info": "Oak index that allows to estimate how many nodes are stored below a given path, to decide whether traversing or using an index is faster.",
    "seed": -870589777212586774,
    "type": "counter",
    "async": "async",
    "reindex": false,
    "reindexCount": 1
  },
  "damScene7name": {
    "jcr:primaryType": "oak:QueryIndexDefinition",
    "propertyNames": [
      "dam:scene7Name"
    ],
    "type": "property",
    "reindex": false,
    "reindexCount": 1
  },
  "authorizables": {
    "jcr:primaryType": "oak:QueryIndexDefinition",
    "compatVersion": 2,
    "type": "lucene",
    "async": [
      "async",
      "nrt"
    ],
    "evaluatePathRestrictions": true,
    "excludedPaths": [
      "/var",
      "/etc/replication",
      "/etc/workflow/instances",
      "/jcr:system"
    ],
    "reindex": false,
    "reindexCount": 1,
    "indexRules": {
      "jcr:primaryType": "nt:unstructured",
      "rep:Authorizable": {
        "jcr:primaryType": "nt:unstructured",
        "properties": {
          "jcr:primaryType": "nt:unstructured",
          "repPrincipalName": {
            "jcr:primaryType": "nt:unstructured",
            "ordered": true,
            "propertyIndex": true,
            "analyzed": true,
            "name": "rep:principalName",
            "type": "String"
          },
          "repAuthorizableId": {
            "jcr:primaryType": "nt:unstructured",
            "nodeScopeIndex": true,
            "useInSuggest": true,
            "ordered": true,
            "propertyIndex": true,
            "analyzed": true,
            "name": "rep:authorizableId",
            "type": "String"
          },
          "profileEmail": {
            "jcr:primaryType": "nt:unstructured",
            "nodeScopeIndex": true,
            "propertyIndex": true,
            "analyzed": true,
            "name": "profile/email",
            "type": "String"
          },
          "profileGivenName": {
            "jcr:primaryType": "nt:unstructured",
            "nodeScopeIndex": true,
            "useInSuggest": true,
            "propertyIndex": true,
            "analyzed": true,
            "name": "profile/givenName",
            "type": "String"
          },
          "profileFamilyName": {
            "jcr:primaryType": "nt:unstructured",
            "nodeScopeIndex": true,
            "useInSuggest": true,
            "propertyIndex": true,
            "analyzed": true,
            "name": "profile/familyName",
            "type": "String"
          },
          "profileGender": {
            "jcr:primaryType": "nt:unstructured",
            "nodeScopeIndex": true,
            "propertyIndex": true,
            "analyzed": true,
            "name": "profile/gender",
            "type": "String"
          }
        }
      }
    }
  },
  "cqDefaultFormFor": {
    "jcr:primaryType": "oak:QueryIndexDefinition",
    "propertyNames": [
      "cq:defaultFormFor"
    ],
    "type": "property",
    "reindex": false,
    "reindexCount": 1
  },
  "slingResourceSuperType": {
    "jcr:primaryType": "oak:QueryIndexDefinition",
    "propertyNames": [
      "sling:resourceSuperType"
    ],
    "type": "property",
    "reindex": false,
    "reindexCount": 1
  },
  "cqLastReplicationAction": {
    "jcr:primaryType": "oak:QueryIndexDefinition",
    "propertyNames": [
      "cq:lastReplicationAction"
    ],
    "type": "property",
    "reindex": false,
    "reindexCount": 1
  },
  "damScene7FileStatus": {
    "jcr:primaryType": "oak:QueryIndexDefinition",
    "propertyNames": [
      "dam:scene7FileStatus"
    ],
    "type": "property",
    "reindex": false,
    "reindexCount": 1
  },
  "cqCugEnabled": {
    "jcr:primaryType": "oak:QueryIndexDefinition",
    "propertyNames": [
      "cq:cugEnabled"
    ],
    "type": "property",
    "reindex": false,
    "reindexCount": 1
  },
  "damScene7ID": {
    "jcr:primaryType": "oak:QueryIndexDefinition",
    "propertyNames": [
      "dam:scene7ID"
    ],
    "type": "property",
    "reindex": false,
    "reindexCount": 1
  },
  "cqAcUUID": {
    "jcr:primaryType": "oak:QueryIndexDefinition",
    "propertyNames": [
      "cq:acUUID"
    ],
    "type": "property",
    "reindex": false,
    "reindexCount": 1
  },
  "externalPrincipalNames": {
    "jcr:primaryType": "oak:QueryIndexDefinition",
    "propertyNames": [
      "rep:externalPrincipalNames"
    ],
    "info": "Oak index used by the principal management provided by the external authentication module.",
    "type": "property",
    "reindex": false,
    "reindexCount": 1
  },
  "campaignpath": {
    "jcr:primaryType": "oak:QueryIndexDefinition",
    "propertyNames": [
      "campaignpath"
    ],
    "type": "property",
    "reindex": false,
    "reindexCount": 1
  },
  "eclink": {
    "jcr:primaryType": "oak:QueryIndexDefinition",
    "propertyNames": [
      "ec-link"
    ],
    "type": "property",
    "reindex": false,
    "reindexCount": 1
  },
  "subType": {
    "jcr:primaryType": "oak:QueryIndexDefinition",
    "propertyNames": [
      "subType"
    ],
    "type": "property",
    "reindex": false,
    "reindexCount": 1
  },
  "damS7watch": {
    "jcr:primaryType": "oak:QueryIndexDefinition",
    "propertyNames": [
      "dam:s7Swatch"
    ],
    "type": "property",
    "reindex": false,
    "reindexCount": 1
  },
  "cqProjectLucene": {
    "jcr:primaryType": "oak:QueryIndexDefinition",
    "compatVersion": 2,
    "type": "lucene",
    "async": [
      "async",
      "nrt"
    ],
    "excludedPaths": [
      "/var",
      "/etc/replication",
      "/etc/workflow/instances",
      "/jcr:system"
    ],
    "reindex": false,
    "reindexCount": 1,
    "aggregates": {
      "jcr:primaryType": "nt:unstructured",
      "cq:Project": {
        "jcr:primaryType": "nt:unstructured",
        "include0": {
          "jcr:primaryType": "nt:unstructured",
          "relativeNode": true,
          "path": "jcr:content"
        }
      }
    },
    "indexRules": {
      "jcr:primaryType": "nt:unstructured",
      "cq:Project": {
        "jcr:primaryType": "nt:unstructured",
        "properties": {
          "jcr:primaryType": "nt:unstructured",
          "cqTemplate": {
            "jcr:primaryType": "nt:unstructured",
            "propertyIndex": true,
            "name": "jcr:content/cq:template",
            "type": "String"
          },
          "jcrTitle": {
            "jcr:primaryType": "nt:unstructured",
            "useInSuggest": true,
            "propertyIndex": true,
            "analyzed": true,
            "useInSpellcheck": true,
            "name": "jcr:content/jcr:title",
            "type": "String"
          },
          "jcrDescription": {
            "jcr:primaryType": "nt:unstructured",
            "useInSuggest": true,
            "propertyIndex": true,
            "analyzed": true,
            "useInSpellcheck": true,
            "name": "jcr:content/jcr:description",
            "type": "String"
          },
          "projectdueDate": {
            "jcr:primaryType": "nt:unstructured",
            "ordered": true,
            "propertyIndex": true,
            "name": "jcr:content/project.dueDate",
            "type": "Date"
          },
          "active": {
            "jcr:primaryType": "nt:unstructured",
            "propertyIndex": true,
            "name": "jcr:content/active",
            "type": "Boolean"
          }
        }
      }
    }
  },
  "afTemplateVersion": {
    "jcr:primaryType": "oak:QueryIndexDefinition",
    "propertyNames": [
      "afTemplateVersion"
    ],
    "type": "property",
    "reindex": false,
    "reindexCount": 1
  },
  "acPrincipalName": {
    "jcr:primaryType": "oak:QueryIndexDefinition",
    "declaringNodeTypes": [
      "rep:DenyACE",
      "rep:GrantACE",
      "rep:ACE"
    ],
    "propertyNames": [
      "rep:principalName"
    ],
    "info": "Oak index used by authorization to quickly search a principal by name.",
    "type": "property",
    "reindex": false,
    "reindexCount": 1
  },
  "fpContentType": {
    "jcr:primaryType": "oak:QueryIndexDefinition",
    "propertyNames": [
      "fpContentType"
    ],
    "type": "property",
    "reindex": false,
    "reindexCount": 1
  },
  "cqVariantFamily": {
    "jcr:primaryType": "oak:QueryIndexDefinition",
    "propertyNames": [
      "cq:variantFamily"
    ],
    "type": "property",
    "reindex": false,
    "reindexCount": 1
  },
  "uuid": {
    "jcr:primaryType": "oak:QueryIndexDefinition",
    "propertyNames": [
      "jcr:uuid"
    ],
    "unique": true,
    "info": "Oak index for UUID lookup (direct lookup of nodes with the mixin 'mix:referenceable').",
    "type": "property",
    "reindex": false,
    "reindexCount": 1
  },
  "slingVanityPath": {
    "jcr:primaryType": "oak:QueryIndexDefinition",
    "propertyNames": [
      "sling:vanityPath"
    ],
    "type": "property",
    "reindex": false,
    "reindexCount": 1
  },
  "jcrLockOwner": {
    "jcr:primaryType": "oak:QueryIndexDefinition",
    "propertyNames": [
      "jcr:lockOwner"
    ],
    "type": "property",
    "reindex": false,
    "reindexCount": 1
  },
  "damAssetLucene": {
    "jcr:primaryType": "oak:QueryIndexDefinition",
    "compatVersion": 2,
    "type": "lucene",
    "async": "async",
    "evaluatePathRestrictions": true,
    "reindex": false,
    "reindexCount": 1,
    "aggregates": {
      "jcr:primaryType": "nt:unstructured",
      "dam:Asset": {
        "jcr:primaryType": "nt:unstructured",
        "include0": {
          "jcr:primaryType": "nt:unstructured",
          "path": "jcr:content"
        },
        "include1": {
          "jcr:primaryType": "nt:unstructured",
          "path": "jcr:content/metadata"
        },
        "include2": {
          "jcr:primaryType": "nt:unstructured",
          "path": "jcr:content/metadata/*"
        },
        "include3": {
          "jcr:primaryType": "nt:unstructured",
          "path": "jcr:content/renditions"
        },
        "include4": {
          "jcr:primaryType": "nt:unstructured",
          "path": "jcr:content/renditions/original"
        },
        "include5": {
          "jcr:primaryType": "nt:unstructured",
          "path": "jcr:content/renditions/original/jcr:content"
        },
        "include6": {
          "jcr:primaryType": "nt:unstructured",
          "path": "jcr:content/comments"
        },
        "include7": {
          "jcr:primaryType": "nt:unstructured",
          "path": "jcr:content/comments/*"
        },
        "include8": {
          "jcr:primaryType": "nt:unstructured",
          "path": "jcr:content/usages"
        }
      }
    },
    "indexRules": {
      "jcr:primaryType": "nt:unstructured",
      "dam:Asset": {
        "jcr:primaryType": "nt:unstructured",
        "properties": {
          "jcr:primaryType": "nt:unstructured",
          "cqTags": {
            "jcr:primaryType": "nt:unstructured",
            "nodeScopeIndex": true,
            "useInSuggest": true,
            "propertyIndex": true,
            "useInSpellcheck": true,
            "name": "jcr:content/metadata/cq:tags"
          },
          "dcFormat": {
            "jcr:primaryType": "nt:unstructured",
            "propertyIndex": true,
            "analyzed": true,
            "name": "jcr:content/metadata/dc:format"
          },
          "damStatus": {
            "jcr:primaryType": "nt:unstructured",
            "propertyIndex": true,
            "name": "jcr:content/metadata/dam:status"
          },
          "videoCodec": {
            "jcr:primaryType": "nt:unstructured",
            "propertyIndex": true,
            "name": "jcr:content/metadata/videoCodec"
          },
          "audioCodec": {
            "jcr:primaryType": "nt:unstructured",
            "propertyIndex": true,
            "name": "jcr:content/metadata/audioCodec"
          },
          "dcTitle": {
            "jcr:primaryType": "nt:unstructured",
            "nodeScopeIndex": true,
            "useInSuggest": true,
            "propertyIndex": true,
            "useInSpellcheck": true,
            "name": "jcr:content/metadata/dc:title",
            "boost": 2
          },
          "dcDescription": {
            "jcr:primaryType": "nt:unstructured",
            "nodeScopeIndex": true,
            "useInSuggest": true,
            "propertyIndex": true,
            "useInSpellcheck": true,
            "name": "jcr:content/metadata/dc:description"
          },
          "xmpMMInstanceId": {
            "jcr:primaryType": "nt:unstructured",
            "propertyIndex": true,
            "name": "jcr:content/metadata/xmpMM:InstanceID"
          },
          "xmpMMDocumentId": {
            "jcr:primaryType": "nt:unstructured",
            "propertyIndex": true,
            "name": "jcr:content/metadata/xmpMM:DocumentID"
          },
          "damSha1": {
            "jcr:primaryType": "nt:unstructured",
            "propertyIndex": true,
            "name": "jcr:content/metadata/dam:sha1"
          },
          "hasValidMetadata": {
            "jcr:primaryType": "nt:unstructured",
            "propertyIndex": true,
            "name": "jcr:content/hasValidMetadata",
            "type": "Boolean"
          },
          "videoBitrate": {
            "jcr:primaryType": "nt:unstructured",
            "propertyIndex": true,
            "name": "jcr:content/metadata/videoBitrate"
          },
          "audioBitRate": {
            "jcr:primaryType": "nt:unstructured",
            "propertyIndex": true,
            "name": "jcr:content/metadata/audioBitrate"
          },
          "usedBy": {
            "jcr:primaryType": "nt:unstructured",
            "propertyIndex": true,
            "name": "jcr:content/usages/usedBy"
          },
          "jcrLastModified": {
            "jcr:primaryType": "nt:unstructured",
            "ordered": true,
            "propertyIndex": true,
            "name": "jcr:content/jcr:lastModified",
            "type": "Date"
          },
          "expirationDate": {
            "jcr:primaryType": "nt:unstructured",
            "ordered": true,
            "propertyIndex": true,
            "name": "jcr:content/metadata/prism:expirationDate",
            "type": "Date"
          },
          "onTime": {
            "jcr:primaryType": "nt:unstructured",
            "ordered": true,
            "propertyIndex": true,
            "name": "jcr:content/onTime",
            "type": "Date"
          },
          "offTime": {
            "jcr:primaryType": "nt:unstructured",
            "ordered": true,
            "propertyIndex": true,
            "name": "jcr:content/offTime",
            "type": "Date"
          },
          "damSize": {
            "jcr:primaryType": "nt:unstructured",
            "ordered": true,
            "propertyIndex": true,
            "name": "jcr:content/metadata/dam:size",
            "type": "Long"
          },
          "averageRating": {
            "jcr:primaryType": "nt:unstructured",
            "ordered": true,
            "propertyIndex": true,
            "name": "jcr:content/averageRating",
            "type": "Double"
          },
          "tiffImageWidth": {
            "jcr:primaryType": "nt:unstructured",
            "ordered": true,
            "propertyIndex": true,
            "name": "jcr:content/metadata/tiff:ImageWidth",
            "type": "Long"
          },
          "tiffImageLength": {
            "jcr:primaryType": "nt:unstructured",
            "ordered": true,
            "propertyIndex": true,
            "name": "jcr:content/metadata/tiff:ImageLength",
            "type": "Long"
          },
          "score": {
            "jcr:primaryType": "nt:unstructured",
            "ordered": true,
            "propertyIndex": true,
            "name": "jcr:content/usages/dam:score",
            "type": "Long"
          },
          "simsearchVersion": {
            "jcr:primaryType": "nt:unstructured",
            "nullCheckEnabled": true,
            "propertyIndex": true,
            "name": "jcr:content/metadata/simsearchVersion"
          },
          "predictedTags": {
            "jcr:primaryType": "nt:unstructured",
            "propertyIndex": false,
            "isRegexp": true,
            "name": "jcr:content/metadata/predictedTags/*/name",
            "index": true
          },
          "damSearchElevate": {
            "jcr:primaryType": "nt:unstructured",
            "nodeScopeIndex": true,
            "propertyIndex": true,
            "analyzed": true,
            "name": "jcr:content/metadata/dam:search_boost",
            "boost": 100
          },
          "jcrTitle": {
            "jcr:primaryType": "nt:unstructured",
            "nodeScopeIndex": true,
            "useInSuggest": true,
            "propertyIndex": true,
            "useInSpellcheck": true,
            "name": "jcr:content/jcr:title",
            "boost": 2
          },
          "jcrDescription": {
            "jcr:primaryType": "nt:unstructured",
            "nodeScopeIndex": true,
            "useInSuggest": true,
            "propertyIndex": true,
            "useInSpellcheck": true,
            "name": "jcr:content/jcr:description"
          }
        }
      }
    }
  },
  "deviceIdentificationMode": {
    "jcr:primaryType": "oak:QueryIndexDefinition",
    "propertyNames": [
      "cq:deviceIdentificationMode"
    ],
    "type": "property",
    "reindex": false,
    "reindexCount": 1
  },
  "refExpired": {
    "jcr:primaryType": "oak:QueryIndexDefinition",
    "propertyNames": [
      "refExpired"
    ],
    "type": "property",
    "reindex": false,
    "reindexCount": 1
  },
  "rep:policy": {
    "jcr:primaryType": "rep:ACL",
    "deny": {
      "jcr:primaryType": "rep:DenyACE",
      "rep:principalName": "everyone",
      "rep:privileges": [
        "jcr:all"
      ]
    }
  },
  "status": {
    "jcr:primaryType": "oak:QueryIndexDefinition",
    "propertyNames": [
      "status"
    ],
    "type": "property",
    "reindex": false,
    "reindexCount": 1
  },
  "cqCloudServiceConfigs": {
    "jcr:primaryType": "oak:QueryIndexDefinition",
    "propertyNames": [
      "cq:cloudserviceconfigs"
    ],
    "type": "property",
    "reindex": false,
    "reindexCount": 1
  },
  "slingResources": {
    "jcr:primaryType": "oak:QueryIndexDefinition",
    "propertyNames": [
      "sling:resources"
    ],
    "type": "property",
    "reindex": false,
    "reindexCount": 1
  },
  "cqPayloadPath": {
    "jcr:primaryType": "oak:QueryIndexDefinition",
    "declaringNodeTypes": [
      "cq:Payload"
    ],
    "propertyNames": [
      "path"
    ],
    "type": "property",
    "reindex": false,
    "reindexCount": 1
  },
  "type": {
    "jcr:primaryType": "oak:QueryIndexDefinition",
    "propertyNames": [
      "type"
    ],
    "type": "property",
    "reindex": false,
    "reindexCount": 1
  },
  "contentPath": {
    "jcr:primaryType": "oak:QueryIndexDefinition",
    "propertyNames": [
      "contentPath"
    ],
    "type": "property",
    "reindex": false,
    "reindexCount": 1
  },
  "ecuuid": {
    "jcr:primaryType": "oak:QueryIndexDefinition",
    "propertyNames": [
      "ec-uuid"
    ],
    "type": "property",
    "reindex": false,
    "reindexCount": 1
  },
  "jcrFrozenMixinTypes": {
    "jcr:primaryType": "oak:QueryIndexDefinition",
    "propertyNames": [
      "jcr:frozenMixinTypes"
    ],
    "type": "property",
    "reindex": false,
    "reindexCount": 1
  },
  "cqOwnerCanvasPage": {
    "jcr:primaryType": "oak:QueryIndexDefinition",
    "propertyNames": [
      "cq:ownerCanvasPage"
    ],
    "type": "property",
    "reindex": false,
    "reindexCount": 1
  },
  "nodetype": {
    "jcr:primaryType": "oak:QueryIndexDefinition",
    "declaringNodeTypes": [
      "cq:PollConfig",
      "cq:ClientLibraryFolder",
      "mix:language",
      "granite:CloudsettingsConfigType",
      "oak:QueryIndexDefinition",
      "cq:PollConfigFolder",
      "cq:Template",
      "sling:bgJobData",
      "sling:MessageEntry",
      "cq:Component",
      "cq:BlueprintSyncConfig",
      "rep:Authorizable",
      "cq:Console",
      "sling:chunks",
      "rep:Token",
      "granite:AuthenticationRequired",
      "granite:Task",
      "cq:ExporterConfigFolder",
      "slingevent:TimedEvent",
      "cq:ExporterConfig",
      "cq:ContentSyncConfig",
      "rep:User"
    ],
    "nodeTypeListDefined": true,
    "propertyNames": [
      "jcr:primaryType",
      "jcr:mixinTypes"
    ],
    "info": "Oak index for queries with node type, and possibly path restrictions, for example \"/jcr:root/content//element(*, mix:language)\".",
    "type": "property",
    "version": 2,
    "reindex": false,
    "reindexCount": 1
  },
  "cqTemplate": {
    "jcr:primaryType": "oak:QueryIndexDefinition",
    "propertyNames": [
      "cq:template"
    ],
    "type": "property",
    "reindex": false,
    "reindexCount": 1
  },
  "ntBaseLucene": {
    "jcr:primaryType": "oak:QueryIndexDefinition",
    "compatVersion": 2,
    "indexPath": "/oak:index/ntBaseLucene",
    "name": "tags",
    "type": "lucene",
    "async": [
      "async",
      "nrt"
    ],
    "evaluatePathRestrictions": false,
    "excludedPaths": [
      "/var",
      "/etc/replication",
      "/etc/workflow/instances",
      "/jcr:system"
    ],
    "reindex": false,
    "reindexCount": 1,
    "indexRules": {
      "jcr:primaryType": "nt:unstructured",
      "nt:base": {
        "jcr:primaryType": "nt:unstructured",
        "properties": {
          "jcr:primaryType": "nt:unstructured",
          "cqTags": {
            "jcr:primaryType": "nt:unstructured",
            "ordered": false,
            "propertyIndex": true,
            "name": "cq:tags",
            "type": "String"
          },
          "slingResource": {
            "jcr:primaryType": "nt:unstructured",
            "ordered": false,
            "propertyIndex": true,
            "name": "sling:resource",
            "type": "String"
          },
          "damMetadataSchema": {
            "jcr:primaryType": "nt:unstructured",
            "ordered": false,
            "propertyIndex": true,
            "name": "jcr:content/metadataSchema",
            "type": "String"
          },
          "damMetadataProfile": {
            "jcr:primaryType": "nt:unstructured",
            "ordered": false,
            "propertyIndex": true,
            "name": "jcr:content/metadataProfile",
            "type": "String"
          },
          "damVideoProfile": {
            "jcr:primaryType": "nt:unstructured",
            "ordered": false,
            "propertyIndex": true,
            "name": "jcr:content/videoProfile",
            "type": "String"
          },
          "damImageProfile": {
            "jcr:primaryType": "nt:unstructured",
            "ordered": false,
            "propertyIndex": true,
            "name": "jcr:content/imageProfile",
            "type": "String"
          },
          "damResolvedPath": {
            "jcr:primaryType": "nt:unstructured",
            "ordered": false,
            "propertyIndex": true,
            "name": "dam:resolvedPath",
            "type": "String"
          },
          "offTime": {
            "jcr:primaryType": "nt:unstructured",
            "ordered": true,
            "propertyIndex": true,
            "name": "offTime",
            "type": "Date"
          },
          "onTime": {
            "jcr:primaryType": "nt:unstructured",
            "ordered": true,
            "propertyIndex": true,
            "name": "onTime",
            "type": "Date"
          },
          "analytics_pageviews": {
            "jcr:primaryType": "nt:unstructured",
            "ordered": true,
            "propertyIndex": true,
            "name": "analytics_pageviews",
            "type": "Long"
          },
          "analytics_visitors": {
            "jcr:primaryType": "nt:unstructured",
            "ordered": true,
            "propertyIndex": true,
            "name": "analytics_visitors",
            "type": "Long"
          },
          "analytics_averagetimespentonpage": {
            "jcr:primaryType": "nt:unstructured",
            "ordered": true,
            "propertyIndex": true,
            "name": "analytics_averagetimespentonpage"
          }
        }
      }
    }
  },
  "verb": {
    "jcr:primaryType": "oak:QueryIndexDefinition",
    "propertyNames": [
      "verb"
    ],
    "type": "property",
    "reindex": false,
    "reindexCount": 1
  },
  "reference": {
    "jcr:primaryType": "oak:QueryIndexDefinition",
    "info": "Oak index for reference lookup.",
    "type": "reference",
    "reindex": false,
    "reindexCount": 1
  },
  "lockCreated": {
    "jcr:primaryType": "oak:QueryIndexDefinition",
    "propertyNames": [
      "lock.created"
    ],
    "type": "property",
    "reindex": false,
    "reindexCount": 1
  },
  "principalName": {
    "jcr:primaryType": "oak:QueryIndexDefinition",
    "declaringNodeTypes": [
      "rep:Authorizable"
    ],
    "propertyNames": [
      "rep:principalName"
    ],
    "unique": true,
    "info": "Oak index used by the user management to enforce uniqueness of rep:principalName property values, and to quickly search a principal by name if it was constructed manually.",
    "type": "property",
    "reindex": false,
    "reindexCount": 1
  },
  "cqTagLucene": {
    "jcr:primaryType": "oak:QueryIndexDefinition",
    "compatVersion": 2,
    "type": "lucene",
    "async": [
      "async",
      "nrt"
    ],
    "excludedPaths": [
      "/var",
      "/etc/replication",
      "/etc/workflow/instances",
      "/jcr:system"
    ],
    "reindex": false,
    "reindexCount": 1,
    "indexRules": {
      "jcr:primaryType": "nt:unstructured",
      "cq:Tag": {
        "jcr:primaryType": "nt:unstructured",
        "properties": {
          "jcr:primaryType": "nt:unstructured",
          "jcrTitle": {
            "jcr:primaryType": "nt:unstructured",
            "propertyIndex": true,
            "analyzed": true,
            "name": "jcr:title",
            "type": "String"
          },
          "cqMovedTo": {
            "jcr:primaryType": "nt:unstructured",
            "propertyIndex": true,
            "name": "cq:movedTo",
            "type": "String"
          }
        }
      }
    }
  },
  "lucene": {
    "jcr:primaryType": "oak:QueryIndexDefinition",
    "compatVersion": 2,
    "type": "lucene",
    "async": [
      "fulltext-async"
    ],
    "codec": "Lucene46",
    "excludedPaths": [
      "/var",
      "/etc/replication",
      "/etc/workflow/instances",
      "/jcr:system"
    ],
    "reindex": false,
    "reindexCount": 1,
    "aggregates": {
      "jcr:primaryType": "nt:unstructured",
      "nt:file": {
        "jcr:primaryType": "nt:unstructured",
        "include0": {
          "jcr:primaryType": "nt:unstructured",
          "path": "jcr:content"
        }
      }
    },
    "indexRules": {
      "jcr:primaryType": "nt:unstructured",
      "nt:base": {
        "jcr:primaryType": "nt:unstructured",
        "includePropertyTypes": [
          "String",
          "Binary"
        ],
        "properties": {
          "jcr:primaryType": "nt:unstructured",
          "analyticsProvider": {
            "jcr:primaryType": "nt:unstructured",
            "name": "analyticsProvider",
            "index": false
          },
          "analyticsSnippet": {
            "jcr:primaryType": "nt:unstructured",
            "name": "analyticsSnippet",
            "index": false
          },
          "hideInNav": {
            "jcr:primaryType": "nt:unstructured",
            "name": "hideInNav",
            "index": false
          },
          "offTime": {
            "jcr:primaryType": "nt:unstructured",
            "name": "offTime",
            "index": false
          },
          "onTime": {
            "jcr:primaryType": "nt:unstructured",
            "name": "onTime",
            "index": false
          },
          "allowedTemplates": {
            "jcr:primaryType": "nt:unstructured",
            "name": "cq:allowedTemplates",
            "index": false
          },
          "childrenOrder": {
            "jcr:primaryType": "nt:unstructured",
            "name": "cq:childrenOrder",
            "index": false
          },
          "cugEnabled": {
            "jcr:primaryType": "nt:unstructured",
            "name": "cq:cugEnabled",
            "index": false
          },
          "cugPrincipals": {
            "jcr:primaryType": "nt:unstructured",
            "name": "cq:cugPrincipals",
            "index": false
          },
          "cugRealm": {
            "jcr:primaryType": "nt:unstructured",
            "name": "cq:cugRealm",
            "index": false
          },
          "designPath": {
            "jcr:primaryType": "nt:unstructured",
            "name": "cq:designPath",
            "index": false
          },
          "isCancelledForChildren": {
            "jcr:primaryType": "nt:unstructured",
            "name": "cq:isCancelledForChildren",
            "index": false
          },
          "isDeep": {
            "jcr:primaryType": "nt:unstructured",
            "name": "cq:isDeep",
            "index": false
          },
          "lastModified": {
            "jcr:primaryType": "nt:unstructured",
            "name": "cq:lastModified",
            "index": false
          },
          "lastModifiedBy": {
            "jcr:primaryType": "nt:unstructured",
            "name": "cq:lastModifiedBy",
            "index": false
          },
          "lastPublished": {
            "jcr:primaryType": "nt:unstructured",
            "name": "cq:lastPublished",
            "index": false
          },
          "lastPublishedBy": {
            "jcr:primaryType": "nt:unstructured",
            "name": "cq:lastPublishedBy",
            "index": false
          },
          "lastReplicated": {
            "jcr:primaryType": "nt:unstructured",
            "name": "cq:lastReplicated",
            "index": false
          },
          "lastReplicatedBy": {
            "jcr:primaryType": "nt:unstructured",
            "name": "cq:lastReplicatedBy",
            "index": false
          },
          "lastReplicationAction": {
            "jcr:primaryType": "nt:unstructured",
            "name": "cq:lastReplicationAction",
            "index": false
          },
          "lastReplicationStatus": {
            "jcr:primaryType": "nt:unstructured",
            "name": "cq:lastReplicationStatus",
            "index": false
          },
          "lastRolledout": {
            "jcr:primaryType": "nt:unstructured",
            "name": "cq:lastRolledout",
            "index": false
          },
          "lastRolledoutBy": {
            "jcr:primaryType": "nt:unstructured",
            "name": "cq:lastRolledoutBy",
            "index": false
          },
          "name": {
            "jcr:primaryType": "nt:unstructured",
            "name": "cq:name",
            "index": false
          },
          "parentPath": {
            "jcr:primaryType": "nt:unstructured",
            "name": "cq:parentPath",
            "index": false
          },
          "segments": {
            "jcr:primaryType": "nt:unstructured",
            "name": "cq:segments",
            "index": false
          },
          "siblingOrder": {
            "jcr:primaryType": "nt:unstructured",
            "name": "cq:siblingOrder",
            "index": false
          },
          "template": {
            "jcr:primaryType": "nt:unstructured",
            "name": "cq:template",
            "index": false
          },
          "trigger": {
            "jcr:primaryType": "nt:unstructured",
            "name": "cq:trigger",
            "index": false
          },
          "versionComment": {
            "jcr:primaryType": "nt:unstructured",
            "name": "cq:versionComment",
            "index": false
          },
          "createdBy": {
            "jcr:primaryType": "nt:unstructured",
            "name": "jcr:createdBy",
            "index": false
          },
          "lastModifiedBy_31": {
            "jcr:primaryType": "nt:unstructured",
            "name": "jcr:lastModifiedBy",
            "index": false
          },
          "alias": {
            "jcr:primaryType": "nt:unstructured",
            "name": "sling:alias",
            "index": false
          },
          "vanityPath": {
            "jcr:primaryType": "nt:unstructured",
            "name": "sling:vanityPath",
            "index": false
          },
          "asyncstatus": {
            "jcr:primaryType": "nt:unstructured",
            "name": "async-status",
            "index": false
          },
          "asyncstart": {
            "jcr:primaryType": "nt:unstructured",
            "name": "async-start",
            "index": false
          },
          "asyncdone": {
            "jcr:primaryType": "nt:unstructured",
            "name": "async-done",
            "index": false
          },
          "runtimeId": {
            "jcr:primaryType": "nt:unstructured",
            "name": "runtimeId",
            "index": false
          },
          "leaderElectionId": {
            "jcr:primaryType": "nt:unstructured",
            "name": "leaderElectionId",
            "index": false
          },
          "resourceType": {
            "jcr:primaryType": "nt:unstructured",
            "propertyIndex": true,
            "name": "sling:resourceType"
          },
          "resourceSuperType": {
            "jcr:primaryType": "nt:unstructured",
            "propertyIndex": true,
            "name": "sling:resourceSuperType"
          },
          "prop": {
            "jcr:primaryType": "nt:unstructured",
            "nodeScopeIndex": true,
            "analyzed": true,
            "useInExcerpt": true,
            "isRegexp": true,
            "name": "^[^\\/]*$"
          }
        }
      }
    }
  },
  "guideComponentType": {
    "jcr:primaryType": "oak:QueryIndexDefinition",
    "propertyNames": [
      "guideComponentType"
    ],
    "type": "property",
    "reindex": false,
    "reindexCount": 1
  },
  "externalId": {
    "jcr:primaryType": "oak:QueryIndexDefinition",
    "propertyNames": [
      "rep:externalId"
    ],
    "unique": true,
    "info": "Oak index assuring uniqueness of rep:externalId properties.",
    "type": "property",
    "reindex": false,
    "reindexCount": 1
  },
  "slingAlias": {
    "jcr:primaryType": "oak:QueryIndexDefinition",
    "propertyNames": [
      "sling:alias"
    ],
    "type": "property",
    "reindex": false,
    "reindexCount": 1
  },
  "fragmentPath": {
    "jcr:primaryType": "oak:QueryIndexDefinition",
    "propertyNames": [
      "fragmentPath"
    ],
    "type": "property",
    "reindex": false,
    "reindexCount": 1
  },
  "authorizableId": {
    "jcr:primaryType": "oak:QueryIndexDefinition",
    "declaringNodeTypes": [
      "rep:Authorizable"
    ],
    "propertyNames": [
      "rep:authorizableId"
    ],
    "unique": true,
    "info": "Oak index used by the user management to enforce uniqueness of rep:authorizableId property values.",
    "type": "property",
    "reindex": false,
    "reindexCount": 1
  },
  "cqPageLucene": {
    "jcr:primaryType": "oak:QueryIndexDefinition",
    "compatVersion": 2,
    "type": "lucene",
    "async": [
      "async",
      "nrt"
    ],
    "evaluatePathRestrictions": true,
    "excludedPaths": [
      "/var",
      "/etc/replication",
      "/etc/workflow/instances",
      "/jcr:system"
    ],
    "reindex": false,
    "reindexCount": 1,
    "aggregates": {
      "jcr:primaryType": "nt:unstructured",
      "cq:Page": {
        "jcr:primaryType": "nt:unstructured",
        "include0": {
          "jcr:primaryType": "nt:unstructured",
          "relativeNode": true,
          "path": "jcr:content"
        }
      },
      "nt:file": {
        "jcr:primaryType": "nt:unstructured",
        "include0": {
          "jcr:primaryType": "nt:unstructured",
          "path": "jcr:content"
        }
      },
      "cq:PageContent": {
        "jcr:primaryType": "nt:unstructured",
        "include0": {
          "jcr:primaryType": "nt:unstructured",
          "path": "*"
        },
        "include1": {
          "jcr:primaryType": "nt:unstructured",
          "path": "*/*"
        },
        "include2": {
          "jcr:primaryType": "nt:unstructured",
          "path": "*/*/*"
        },
        "include3": {
          "jcr:primaryType": "nt:unstructured",
          "path": "*/*/*/*"
        }
      }
    },
    "indexRules": {
      "jcr:primaryType": "nt:unstructured",
      "cq:Page": {
        "jcr:primaryType": "nt:unstructured",
        "properties": {
          "jcr:primaryType": "nt:unstructured",
          "cqLastModified": {
            "jcr:primaryType": "nt:unstructured",
            "ordered": true,
            "propertyIndex": true,
            "name": "jcr:content/cq:lastModified",
            "type": "Date"
          },
          "jcrTitle": {
            "jcr:primaryType": "nt:unstructured",
            "nodeScopeIndex": true,
            "useInSuggest": true,
            "propertyIndex": true,
            "useInSpellcheck": true,
            "name": "jcr:content/jcr:title",
            "type": "String"
          },
          "pageTitle": {
            "jcr:primaryType": "nt:unstructured",
            "nodeScopeIndex": true,
            "useInSuggest": true,
            "propertyIndex": true,
            "useInSpellcheck": true,
            "name": "jcr:content/pageTitle",
            "type": "String"
          },
          "navTitle": {
            "jcr:primaryType": "nt:unstructured",
            "nodeScopeIndex": true,
            "useInSuggest": true,
            "propertyIndex": true,
            "useInSpellcheck": true,
            "name": "jcr:content/navTitle",
            "type": "String"
          },
          "nodeName": {
            "jcr:primaryType": "nt:unstructured",
            "nodeScopeIndex": true,
            "useInSuggest": true,
            "propertyIndex": true,
            "useInSpellcheck": true,
            "name": ":nodeName",
            "type": "String"
          },
          "cqLastRolledoutBy": {
            "jcr:primaryType": "nt:unstructured",
            "propertyIndex": true,
            "name": "jcr:content/cq:lastRolledoutBy",
            "type": "String"
          }
        }
      }
    }
  },
  "slingResourceType": {
    "jcr:primaryType": "oak:QueryIndexDefinition",
    "propertyNames": [
      "sling:resourceType"
    ],
    "type": "property",
    "reindex": false,
    "reindexCount": 1
  },
  "cqKeywords": {
    "jcr:primaryType": "oak:QueryIndexDefinition",
    "propertyNames": [
      "cq:keywords"
    ],
    "type": "property",
    "reindex": false,
    "reindexCount": 1
  },
  "damStatus": {
    "jcr:primaryType": "oak:QueryIndexDefinition",
    "entryCount": 9223372036854775807,
    "propertyNames": [
      "dam:status"
    ],
    "type": "property",
    "reindex": false,
    "reindexCount": 1
  }
}