{
  "jcr:primaryType": "nt:unstructured",
  "async-done": "Wed Jan 11 2017 10:55:15 GMT+0200",
  "async-status": "done",
  "cqMaster": {
    "jcr:primaryType": "oak:QueryIndexDefinition",
    "propertyNames": [
      "cq:master"
    ],
    "type": "property",
    "reindex": false
  },
  "jcrLanguage": {
    "jcr:primaryType": "oak:QueryIndexDefinition",
    "propertyNames": [
      "jcr:language"
    ],
    "type": "property",
    "reindex": false
  },
  "event.job.topic": {
    "jcr:primaryType": "oak:QueryIndexDefinition",
    "propertyNames": [
      "event.job.topic"
    ],
    "type": "property",
    "reindex": false
  },
  "extensionType": {
    "jcr:primaryType": "oak:QueryIndexDefinition",
    "propertyNames": [
      "extensionType"
    ],
    "type": "property",
    "reindex": false
  },
  "containeeInstanceId": {
    "jcr:primaryType": "oak:QueryIndexDefinition",
    "propertyNames": [
      "containeeInstanceId"
    ],
    "type": "property",
    "reindex": false
  },
  "cqDefaultFormFor": {
    "jcr:primaryType": "oak:QueryIndexDefinition",
    "propertyNames": [
      "cq:defaultFormFor"
    ],
    "type": "property",
    "reindex": false
  },
  "xmpMMDocumentId": {
    "jcr:primaryType": "oak:QueryIndexDefinition",
    "propertyNames": [
      "xmpMM:DocumentID"
    ],
    "type": "property",
    "reindex": false
  },
  "slingResourceSuperType": {
    "jcr:primaryType": "oak:QueryIndexDefinition",
    "propertyNames": [
      "sling:resourceSuperType"
    ],
    "type": "property",
    "reindex": false
  },
  "cqLastReplicationAction": {
    "jcr:primaryType": "oak:QueryIndexDefinition",
    "propertyNames": [
      "cq:lastReplicationAction"
    ],
    "type": "property",
    "reindex": false
  },
  "cqCugEnabled": {
    "jcr:primaryType": "oak:QueryIndexDefinition",
    "propertyNames": [
      "cq:cugEnabled"
    ],
    "type": "property",
    "reindex": false
  },
  "damScene7ID": {
    "jcr:primaryType": "oak:QueryIndexDefinition",
    "propertyNames": [
      "dam:scene7ID"
    ],
    "type": "property",
    "reindex": false
  },
  "onTime": {
    "jcr:primaryType": "oak:QueryIndexDefinition",
    "propertyNames": [
      "onTime"
    ],
    "type": "property",
    "reindex": false
  },
  "offTime": {
    "jcr:primaryType": "oak:QueryIndexDefinition",
    "propertyNames": [
      "offTime"
    ],
    "type": "property",
    "reindex": false
  },
  "damS7watch": {
    "jcr:primaryType": "oak:QueryIndexDefinition",
    "propertyNames": [
      "dam:s7Swatch"
    ],
    "type": "property",
    "reindex": false
  },
  "xmpMMInstanceId": {
    "jcr:primaryType": "oak:QueryIndexDefinition",
    "propertyNames": [
      "xmpMM:InstanceID"
    ],
    "type": "property",
    "reindex": false
  },
  "acPrincipalName": {
    "jcr:primaryType": "oak:QueryIndexDefinition",
    "declaringNodeTypes": [
      "rep:DenyACE",
      "rep:GrantACE",
      "rep:ACE"
    ],
    "propertyNames": [
      "rep:principalName"
    ],
    "type": "property",
    "reindex": false
  },
  "fpContentType": {
    "jcr:primaryType": "oak:QueryIndexDefinition",
    "propertyNames": [
      "fpContentType"
    ],
    "type": "property",
    "reindex": false
  },
  "cqVariantFamily": {
    "jcr:primaryType": "oak:QueryIndexDefinition",
    "propertyNames": [
      "cq:variantFamily"
    ],
    "type": "property",
    "reindex": false
  },
  "cqTags": {
    "jcr:primaryType": "oak:QueryIndexDefinition",
    "propertyNames": [
      "cq:tags"
    ],
    "type": "property",
    "reindex": false
  },
  "uuid": {
    "jcr:primaryType": "oak:QueryIndexDefinition",
    "propertyNames": [
      "jcr:uuid"
    ],
    "unique": true,
    "type": "property",
    "reindex": false
  },
  "slingVanityPath": {
    "jcr:primaryType": "oak:QueryIndexDefinition",
    "propertyNames": [
      "sling:vanityPath"
    ],
    "type": "property",
    "reindex": false
  },
  "jcrLockOwner": {
    "jcr:primaryType": "oak:QueryIndexDefinition",
    "propertyNames": [
      "jcr:lockOwner"
    ],
    "type": "property",
    "reindex": false
  },
  "status": {
    "jcr:primaryType": "oak:QueryIndexDefinition",
    "propertyNames": [
      "status"
    ],
    "type": "property",
    "reindex": false
  },
  "cqCloudServiceConfigs": {
    "jcr:primaryType": "oak:QueryIndexDefinition",
    "propertyNames": [
      "cq:cloudserviceconfigs"
    ],
    "type": "property",
    "reindex": false
  },
  "slingResources": {
    "jcr:primaryType": "oak:QueryIndexDefinition",
    "propertyNames": [
      "sling:resources"
    ],
    "type": "property",
    "reindex": false
  },
  "type": {
    "jcr:primaryType": "oak:QueryIndexDefinition",
    "propertyNames": [
      "type"
    ],
    "type": "property",
    "reindex": false
  },
  "contentPath": {
    "jcr:primaryType": "oak:QueryIndexDefinition",
    "propertyNames": [
      "contentPath"
    ],
    "type": "property",
    "reindex": false
  },
  "cqOwnerCanvasPage": {
    "jcr:primaryType": "oak:QueryIndexDefinition",
    "propertyNames": [
      "cq:ownerCanvasPage"
    ],
    "type": "property",
    "reindex": false
  },
  "slingResource": {
    "jcr:primaryType": "oak:QueryIndexDefinition",
    "propertyNames": [
      "sling:resource"
    ],
    "type": "property",
    "reindex": false
  },
  "nodetype": {
    "jcr:primaryType": "oak:QueryIndexDefinition",
    "entryCount": 9223372036854775807,
    "declaringNodeTypes": [
      "cq:ClientLibraryFolder",
      "cq:Console",
      "cq:ExporterConfig",
      "cq:Component",
      "cq:ExporterConfigFolder",
      "cq:Page",
      "cq:PageContent",
      "cq:PollConfig",
      "cq:PollConfigFolder",
      "cq:Template",
      "granite:Task",
      "rep:User",
      "rep:Authorizable",
      "sling:MessageEntry",
      "sling:VanityPath",
      "sling:chunks",
      "sling:bgJobData",
      "slingevent:Job",
      "slingevent:TimedEvent",
      "granite:CloudsettingsConfigType",
      "mix:language",
      "cq:ContentSyncConfig",
      "dam:Asset"
    ],
    "nodeTypeListDefined": true,
    "propertyNames": [
      "jcr:primaryType",
      "jcr:mixinTypes"
    ],
    "type": "property",
    "reindex": false
  },
  "cqTemplate": {
    "jcr:primaryType": "oak:QueryIndexDefinition",
    "propertyNames": [
      "cq:template"
    ],
    "type": "property",
    "reindex": false
  },
  "verb": {
    "jcr:primaryType": "oak:QueryIndexDefinition",
    "propertyNames": [
      "verb"
    ],
    "type": "property",
    "reindex": false
  },
  "reference": {
    "jcr:primaryType": "oak:QueryIndexDefinition",
    "type": "reference"
  },
  "dcFormat": {
    "jcr:primaryType": "oak:QueryIndexDefinition",
    "propertyNames": [
      "dc:format"
    ],
    "type": "property",
    "reindex": false
  },
  "cqLastRolledoutBy": {
    "jcr:primaryType": "oak:QueryIndexDefinition",
    "propertyNames": [
      "cq:lastRolledoutBy"
    ],
    "type": "property",
    "reindex": false
  },
  "cqParentPath": {
    "jcr:primaryType": "oak:QueryIndexDefinition",
    "propertyNames": [
      "cq:parentPath"
    ],
    "type": "property",
    "reindex": false
  },
  "lockCreated": {
    "jcr:primaryType": "oak:QueryIndexDefinition",
    "propertyNames": [
      "lock.created"
    ],
    "type": "property",
    "reindex": false
  },
  "principalName": {
    "jcr:primaryType": "oak:QueryIndexDefinition",
    "declaringNodeTypes": [
      "rep:Authorizable"
    ],
    "propertyNames": [
      "rep:principalName"
    ],
    "unique": true,
    "type": "property",
    "reindex": false
  },
  "lucene": {
    "jcr:primaryType": "oak:QueryIndexDefinition",
    "includePropertyTypes": [
      "String",
      "Binary"
    ],
    "type": "lucene",
    "async": "async",
    "excludePropertyNames": [
      "analyticsProvider",
      "analyticsSnippet",
      "hideInNav",
      "offTime",
      "onTime",
      "cq:allowedTemplates",
      "cq:childrenOrder",
      "cq:cugEnabled",
      "cq:cugPrincipals",
      "cq:cugRealm",
      "cq:designPath",
      "cq:isCancelledForChildren",
      "cq:isDeep",
      "cq:lastModified",
      "cq:lastModifiedBy",
      "cq:lastPublished",
      "cq:lastPublishedBy",
      "cq:lastReplicated",
      "cq:lastReplicatedBy",
      "cq:lastReplicationAction",
      "cq:lastReplicationStatus",
      "cq:lastRolledout",
      "cq:lastRolledoutBy",
      "cq:name",
      "cq:parentPath",
      "cq:segments",
      "cq:siblingOrder",
      "cq:template",
      "cq:trigger",
      "cq:versionComment",
      "jcr:createdBy",
      "jcr:lastModifiedBy",
      "sling:alias",
      "sling:vanityPath",
      "async-status",
      "async-start",
      "async-done",
      "runtimeId",
      "leaderElectionId"
    ],
    "reindex": false
  },
  "videoCodec": {
    "jcr:primaryType": "oak:QueryIndexDefinition",
    "propertyNames": [
      "videoCodec"
    ],
    "type": "property",
    "reindex": false
  },
  "damSha1": {
    "jcr:primaryType": "oak:QueryIndexDefinition",
    "propertyNames": [
      "dam:sha1"
    ],
    "type": "property",
    "reindex": false
  },
  "guideComponentType": {
    "jcr:primaryType": "oak:QueryIndexDefinition",
    "propertyNames": [
      "guideComponentType"
    ],
    "type": "property",
    "reindex": false
  },
  "slingAlias": {
    "jcr:primaryType": "oak:QueryIndexDefinition",
    "propertyNames": [
      "sling:alias"
    ],
    "type": "property",
    "reindex": false
  },
  "damResolvedPath": {
    "jcr:primaryType": "oak:QueryIndexDefinition",
    "propertyNames": [
      "dam:resolvedPath"
    ],
    "type": "property",
    "reindex": false
  },
  "authorizableId": {
    "jcr:primaryType": "oak:QueryIndexDefinition",
    "propertyNames": [
      "rep:authorizableId"
    ],
    "unique": true,
    "type": "property",
    "reindex": false
  },
  "slingResourceType": {
    "jcr:primaryType": "oak:QueryIndexDefinition",
    "entryCount": 9223372036854775807,
    "propertyNames": [
      "sling:resourceType"
    ],
    "type": "property",
    "reindex": false
  },
  "cqKeywords": {
    "jcr:primaryType": "oak:QueryIndexDefinition",
    "propertyNames": [
      "cq:keywords"
    ],
    "type": "property",
    "reindex": false
  },
  "damStatus": {
    "jcr:primaryType": "oak:QueryIndexDefinition",
    "propertyNames": [
      "dam:status"
    ],
    "type": "property",
    "reindex": false
  },
  "cqLastModified": {
    "jcr:primaryType": "oak:QueryIndexDefinition",
    "propertyNames": [
      "cq:lastModified"
    ],
    "type": "ordered",
    "async": "async",
    "reindex": false
  }
}