<?xml version="1.0" encoding="utf-8"?>
<manifest identifier="Adobe_Presenter_Quiz_ID" version="1.0" xsi:schemaLocation="http://www.imsproject.org/xsd/imscp_rootv1p1p2 imscp_rootv1p1p2.xsd http://www.imsglobal.org/xsd/imsmd_rootv1p2p1 imsmd_rootv1p2p1.xsd http://www.adlnet.org/xsd/adlcp_rootv1p2 adlcp_rootv1p2.xsd http://www.imsglobal.org/xsd/imsmd_rootv1p2p1 imsmd_rootv1p2p1.xsd" xmlns="http://www.imsproject.org/xsd/imscp_rootv1p1p2" xmlns:adlcp="http://www.adlnet.org/xsd/adlcp_rootv1p2" xmlns:xsi="http://www.w3.org/2001/XMLSchema-instance">
	<metadata>
		<schema>ADL SCORM</schema>
		<schemaversion>1.2</schemaversion>
		<lom xmlns="http://www.imsglobal.org/xsd/imsmd_rootv1p2p1">
			<general>
				<title>
					<langstring xml:lang="x-none"></langstring>
				</title>
				<catalogentry>
					<catalog>Adobe Presenter Course</catalog>
					<entry>
						<langstring xml:lang="x-none">Adobe_Presenter_Quiz_ID</langstring>
					</entry>
				</catalogentry>
				<description>
					<langstring xml:lang="x-none"></langstring>
				</description>
			</general>
			<lifecycle>
				<version>
					<langstring xml:lang="x-none">1.0</langstring>
				</version>
				<status>
					<source>
						<langstring xml:lang="x-none">LOMv1.0</langstring>
					</source>
					<value>
						<langstring xml:lang="x-none">Final</langstring>
					</value>
				</status>
			</lifecycle>
			<metametadata>
				<metadatascheme>ADL SCORM 1.2</metadatascheme>
			</metametadata>
			<technical>
				<format>text/html</format>
				<location>.</location>
			</technical>
			<rights>
				<cost>
					<source>
						<langstring xml:lang="x-none">LOMv1.10</langstring>
					</source>
					<value>
						<langstring xml:lang="x-none">no</langstring>
					</value>
				</cost>
				<copyrightandotherrestrictions>
					<source>
						<langstring xml:lang="x-none">LOMv1.10</langstring>
					</source>
					<value>
						<langstring xml:lang="x-none">no</langstring>
					</value>
				</copyrightandotherrestrictions>
			</rights>
			<classification>
				<purpose>
					<source>
						<langstring xml:lang="x-none">LOMv1.0</langstring>
					</source>
					<value>
						<langstring xml:lang="x-none">Idea</langstring>
					</value>
				</purpose>
				<description>
					<langstring xml:lang="x-none"></langstring>
				</description>
				<keyword>
					<langstring xml:lang="x-none">Adobe Presenter</langstring>
				</keyword>
			</classification>
		</lom>
	</metadata>
	<organizations default="_ORG">
		<organization identifier="_ORG">
			<title>Adobe_Presenter</title>
			<item identifier="Adobe_Presenter_Quiz" isvisible="true" identifierref="_RES">
				<title>Adobe_Presenter_Quiz</title>
			</item>
		</organization>
	</organizations>
	<resources>
		<resource identifier="_RES" type="webcontent" href="SCORM.htm" adlcp:scormtype="sco">
			<file href="as2-wrapper.swf"/>
			<file href="breeze-manifest.xml"/>
			<file href="browsersniff.js"/>
			<file href="components.swf"/>
			<file href="data/bg.swf"/>
			<file href="data/connectmobile.dat"/>
			<file href="data/html/presenter.libs.js"/>
			<file href="data/Layout0.swf"/>
			<file href="data/Layout1.swf"/>
			<file href="data/Layout2.swf"/>
			<file href="data/Master0.swf"/>
			<file href="data/Slide0.swf"/>
			<file href="data/Slide1.swf"/>
			<file href="data/Slide2.swf"/>
			<file href="data/Slide3.swf"/>
			<file href="data/Slide4.swf"/>
			<file href="data/Slide5.swf"/>
			<file href="data/Slide6.swf"/>
			<file href="data/Slide7.swf"/>
			<file href="data/Slide8.swf"/>
			<file href="data/Slide9.swf"/>
			<file href="data/srchdata.xml"/>
			<file href="data/thumb.swf"/>
			<file href="data/vconfig.xml"/>
			<file href="data/viewer.xml"/>
			<file href="metadata/trackdta.xml"/>
			<file href="SCORM.htm"/>
			<file href="scormdriver.js"/>
			<file href="SCORM_utilities.js"/>
			<file href="standard.js"/>
			<file href="Utilities.js"/>
			<file href="viewer.swf"/>
			<file href="index.htm"/>
		</resource>
	</resources>
</manifest>
