<?xml version="1.0" encoding="UTF-8"?><components xmlns:scr="http://www.osgi.org/xmlns/scr/v1.0.0">
    <scr:component name="com.adobe.aem.demomachine.communities.setupCommunities">
        <implementation class="com.adobe.aem.demomachine.communities.setupCommunities"/>
        <service servicefactory="false">
            <provide interface="javax.servlet.Servlet"/>
        </service>
        <property name="sling.servlet.paths">
            /bin/setupCommunities
        </property>
        <property name="sling.servlet.methods">
            GET
        </property>
        <property name="service.vendor" value="Adobe"/>
        <property name="service.pid" value="com.adobe.aem.demomachine.communities.setupCommunities"/>
    </scr:component>
</components>
