<?xml version="1.0" encoding="UTF-8"?>
<jcr:root xmlns:sling="http://sling.apache.org/jcr/sling/1.0" xmlns:cq="http://www.day.com/jcr/cq/1.0" xmlns:jcr="http://www.jcp.org/jcr/1.0"
    jcr:primaryType="cq:Page">
    <jcr:content
        cq:accountPage="/content/geometrixx-outdoors/en/user/account"
        cq:cartPage="/content/geometrixx-outdoors/en/user/cart"
        cq:catalogBlueprint="/content/catalogs/geometrixx-outdoors/en/base-catalog"
        cq:checkoutPage="/content/geometrixx-outdoors/en/user/checkout"
        cq:commerceProvider="geometrixx"
        cq:commerceType="section"
        cq:composeMessagePage="/content/geometrixx-outdoors/en/user/mailbox/compose-message"
        cq:designPath="/etc/designs/geometrixx-outdoors"
        cq:lastModified="{Date}2014-04-22T10:11:24.002+01:00"
        cq:lastModifiedBy="admin"
        cq:lastRolledout="{Date}2014-04-22T10:12:24.002+01:00"
        cq:lastRolledoutBy="admin"
        cq:mailboxPage="/content/geometrixx-outdoors/en/user/mailbox"
        cq:offlinePage="/content/geometrixx-outdoors/en/toolbar/offline"
        cq:signupPage="/content/geometrixx-outdoors/en/user/register"
        cq:socialProfilePage="/content/geometrixx-outdoors/en/user/account/social-profile"
        cq:template="/apps/geometrixx-outdoors/templates/page_home"
        jcr:mixinTypes="[cq:LiveSync,cq:metaMixin]"
        jcr:primaryType="cq:PageContent"
        jcr:title="English"
        sling:resourceType="geometrixx-outdoors/components/page_home">
        <par/>
        <cq:LiveSyncConfig/>
        <cq:meta jcr:primaryType="cq:meta">
            <last30Days
                jcr:primaryType="cq:meta"
                analytics_averagetimespentonpage="{Double}1.05"
                analytics_pageviews="{Long}1943556"
                analytics_revenue="{Long}21458351"
                analytics_visitors="{Long}971778"/>
        </cq:meta>
    </jcr:content>
    <men/>
    <women/>
    <equipment/>
    <seasonal/>
    <activities/>
    <community/>
    <support/>
    <brand/>
    <company/>
    <toolbar/>
    <user/>
    <badges/>
</jcr:root>
