{"data":[{"symbolicName":"com.day.cq.dam.cq-dam-handler","version":"5.8.24","contentPackage":"cq-dam-bundles-content-1.0.226","isInstalledByContentPackage":true,"exportedPackages":[{"name":"com.day.cq.dam.handler.gibson.fontmanager","version":"5.8.2"},{"name":"com.day.cq.dam.handler.standard.ooxml","version":"6.0.0"},{"name":"com.day.cq.dam.handler.standard.mp3","version":"5.8.2"},{"name":"com.day.cq.dam.handler.standard.ps","version":"5.8.2"},{"name":"com.day.cq.dam.handler.standard.keynote","version":"5.8.2"},{"name":"com.day.cq.dam.handler.standard.pdf","version":"5.8.2"},{"name":"com.day.cq.dam.handler.standard","version":"5.8.2"},{"name":"com.day.cq.dam.handler.standard.epub","version":"5.8.2"},{"name":"com.day.cq.dam.handler.standard.zip","version":"5.8.2"},{"name":"com.day.cq.dam.handler.standard.helper.imageinfo","version":"5.8.2"},{"name":"com.day.cq.dam.handler.standard.psd","version":"5.9.0"},{"name":"com.day.cq.dam.handler.standard.pict","version":"5.8.2"},{"name":"com.day.cq.dam.handler.standard.msoffice","version":"5.9.2"},{"name":"com.day.cq.dam.handler.standard.msoffice.wmf","version":"5.8.2"},{"name":"com.twelvemonkeys.imageio.metadata","version":"5.8.24"},{"name":"com.twelvemonkeys.imageio.metadata.iptc","version":"5.8.24"},{"name":"com.twelvemonkeys.imageio.metadata.xmp","version":"5.8.24"},{"name":"com.twelvemonkeys.imageio.metadata.exif","version":"5.8.24"},{"name":"com.twelvemonkeys.imageio","version":"5.8.2"},{"name":"com.twelvemonkeys.imageio.color","version":"5.8.24"},{"name":"com.twelvemonkeys.imageio.plugins.psd","version":"6.0.0"}]},{"symbolicName":"com.adobe.cq.social.cq-social-commons-oauth","version":"1.2.5","contentPackage":"cq-socialcommunities-pkg-1.7.197","isInstalledByContentPackage":true,"exportedPackages":[{"name":"com.adobe.cq.social.connect.oauth","version":"1.2.5"}]},{"symbolicName":"PDFServices_manipulations","version":"3.0.561430","contentPackage":"cq-dam-libs-content-1.0.8","isInstalledByContentPackage":true,"exportedPackages":[{"name":"com.adobe.internal.pdftoolkit.services.optimizer","version":"0.0.0"},{"name":"com.adobe.internal.pdftoolkit.services.manipulations","version":"0.0.0"},{"name":"com.adobe.internal.pdftoolkit.services.portfolio","version":"0.0.0"},{"name":"com.adobe.internal.pdftoolkit.services.pdfa","version":"0.0.0"},{"name":"com.adobe.internal.pdftoolkit.services.pdfa.error","version":"0.0.0"},{"name":"com.adobe.internal.pdftoolkit.services.pdfa3","version":"0.0.0"},{"name":"com.adobe.internal.pdftoolkit.services.pdfa2","version":"0.0.0"},{"name":"com.adobe.internal.pdftoolkit.services.pdfa2.error","version":"0.0.0"},{"name":"com.adobe.internal.pdftoolkit.services.pdfa2.error.codes","version":"0.0.0"},{"name":"com.adobe.internal.pdftoolkit.services.xbm","version":"0.0.0"},{"name":"com.adobe.internal.pdftoolkit.services.xobjhandler","version":"0.0.0"},{"name":"com.adobe.internal.pdftoolkit.services.imageconversion","version":"0.0.0"},{"name":"com.adobe.internal.pdftoolkit.services.forms","version":"0.0.0"},{"name":"com.adobe.internal.pdftoolkit.pdf.multimedia","version":"0.0.0"},{"name":"com.adobe.internal.pdftoolkit.pdf.pieceinfo.editablepdf","version":"0.0.0"},{"name":"com.adobe.internal.pdftoolkit.pdf.pieceinfo.compoundtype","version":"0.0.0"},{"name":"com.adobe.internal.pdftoolkit.services.manipulations.impl","version":"0.0.0"},{"name":"com.adobe.internal.pdftoolkit.xml","version":"0.0.0"}]},{"symbolicName":"com.adobe.cq.wcm.cq-wcm-launches-core","version":"5.9.46","contentPackage":"cq-wcm-content-6.1.578","isInstalledByContentPackage":true,"exportedPackages":[{"name":"com.adobe.cq.wcm.launches.utils","version":"1.1.0"}]},{"symbolicName":"com.day.cq.wcm.cq-wcm-notification","version":"5.8.8","contentPackage":"cq-wcm-content-6.1.578","isInstalledByContentPackage":true,"exportedPackages":[{"name":"com.day.cq.wcm.notification","version":"5.7.0"},{"name":"com.day.cq.wcm.notification.email","version":"5.7.0"}]},{"symbolicName":"com.adobe.granite.taskmanagement.workflow","version":"1.0.6","contentPackage":"cq-projects-content-1.1.134","isInstalledByContentPackage":true},{"symbolicName":"com.adobe.granite.taskmanagement.core","version":"1.0.26"},{"symbolicName":"com.adobe.cq.cq-rest-sites","version":"1.0.4","contentPackage":"cq-rest-content-1.0.4","isInstalledByContentPackage":true},{"symbolicName":"com.adobe.granite.resourceresolverhelper","version":"1.0.0","contentPackage":"cq-adaptiveforms-content-2.1.34","isInstalledByContentPackage":true,"exportedPackages":[{"name":"com.adobe.granite.resourceresolverhelper","version":"1.0"}]},{"symbolicName":"com.adobe.cq.cq-address","version":"1.1.6","contentPackage":"cq-address-content-1.1.12","isInstalledByContentPackage":true,"exportedPackages":[{"name":"com.adobe.cq.address.api","version":"1.0.2"},{"name":"com.adobe.cq.address.api.location","version":"1.0.0"}]},{"symbolicName":"org.apache.sling.scripting.javascript","version":"2.0.16","exportedPackages":[{"name":"org.apache.sling.scripting.javascript","version":"0.1.0"},{"name":"org.mozilla.javascript","version":"0.0.1"},{"name":"org.mozilla.classfile","version":"0.0.1"},{"name":"org.mozilla.javascript.debug","version":"0.0.1"}]},{"symbolicName":"com.adobe.cq.social.cq-social-console-dns-api","version":"1.0.3","contentPackage":"cq-socialcommunities-pkg-1.7.197","isInstalledByContentPackage":true,"exportedPackages":[{"name":"com.adobe.cq.social.dns.api","version":"1.0"}]},{"symbolicName":"com.adobe.cq.social.cq-social-srp-impl","version":"1.0.3","contentPackage":"cq-socialcommunities-pkg-1.7.197","isInstalledByContentPackage":true},{"symbolicName":"com.adobe.granite.auth.oauth","version":"0.0.20","contentPackage":"cq-socialcommunities-pkg-1.7.197","isInstalledByContentPackage":true,"exportedPackages":[{"name":"com.adobe.granite.auth.oauth","version":"2.1"}]},{"symbolicName":"com.adobe.cq.media.cq-media-publishing-dps-fp-api","version":"5.8.2","contentPackage":"cq-media-content-5.8.66","isInstalledByContentPackage":true,"exportedPackages":[{"name":"com.adobe.cq.media.publishing.dps.fp","version":"1.1"}]},{"symbolicName":"com.day.cq.cq-widgets-ext","version":"5.8.4","contentPackage":"cq-ui-classic-content-1.1.118","isInstalledByContentPackage":true,"exportedPackages":[{"name":"com.day.cq.extwidget","version":"1.0"}]},{"symbolicName":"com.adobe.granite.csrf","version":"1.0.8.CQ610-B0004"},{"symbolicName":"com.adobe.cq.social.cq-social-ugcbase-api","version":"2.0.14","contentPackage":"cq-socialcommunities-pkg-1.7.197","isInstalledByContentPackage":true,"exportedPackages":[{"name":"com.adobe.cq.social.community.api","version":"2.0.14"},{"name":"com.adobe.cq.social.ugcbase","version":"2.0.14"},{"name":"com.adobe.cq.social.ugcbase.security","version":"2.0.14"},{"name":"com.adobe.cq.social.ugcbase.core","version":"2.0.14"},{"name":"com.adobe.cq.social.ugcbase.core.attachments","version":"2.0.14"},{"name":"com.adobe.cq.social.ugcbase.dispatcher.api","version":"1.0"},{"name":"com.adobe.cq.social.ugcbase.osgi","version":"2.0.14"},{"name":"com.adobe.cq.social.ugcbase.moderation","version":"2.0.14"}]},{"symbolicName":"com.day.cq.cq-activitystreams-api","version":"5.6.2","contentPackage":"cq-activitystreams-content-1.1.10","isInstalledByContentPackage":true,"exportedPackages":[{"name":"com.day.cq.activitystreams.api","version":"0.0.0"}]},{"symbolicName":"com.adobe.cq.social.cq-social-qna","version":"1.3.20","contentPackage":"cq-socialcommunities-pkg-1.7.197","isInstalledByContentPackage":true,"exportedPackages":[{"name":"com.adobe.cq.social.qna.client.api","version":"1.3.20"},{"name":"com.adobe.cq.social.qna.client.endpoints","version":"1.3.20"}]},{"symbolicName":"com.adobe.cq.commerce.cq-commerce-core","version":"5.13.12","contentPackage":"cq-commerce-content-1.3.114","isInstalledByContentPackage":true,"exportedPackages":[{"name":"com.adobe.cq.commerce.api.asset","version":"1.0.0"},{"name":"com.adobe.cq.commerce.api.collection","version":"1.1.0"},{"name":"com.adobe.cq.commerce.api","version":"3.1.0"},{"name":"com.adobe.cq.commerce.api.promotion","version":"1.2.1"},{"name":"com.adobe.cq.commerce.common","version":"3.4.0"},{"name":"com.adobe.cq.commerce.common.promotion","version":"1.2.0"}]},{"symbolicName":"org.apache.commons.commons-imaging","version":"1.0.0.R1534292","contentPackage":"cq-dam-libs-content-1.0.8","isInstalledByContentPackage":true,"exportedPackages":[{"name":"org.apache.commons.imaging.formats.png","version":"1.0.0.R1534292"},{"name":"org.apache.commons.imaging.formats.jpeg.iptc","version":"1.0.0.R1534292"},{"name":"org.apache.commons.imaging.formats.psd","version":"1.0.0.R1534292"},{"name":"org.apache.commons.imaging.formats.icns","version":"1.0.0.R1534292"},{"name":"org.apache.commons.imaging.formats.jpeg.segments","version":"1.0.0.R1534292"},{"name":"org.apache.commons.imaging.util","version":"1.0.0.R1534292"},{"name":"org.apache.commons.imaging.formats.bmp","version":"1.0.0.R1534292"},{"name":"org.apache.commons.imaging.formats.bmp.writers","version":"1.0.0.R1534292"},{"name":"org.apache.commons.imaging.formats.jpeg.decoder","version":"1.0.0.R1534292"},{"name":"org.apache.commons.imaging.common.bytesource","version":"1.0.0.R1534292"},{"name":"org.apache.commons.imaging.formats.tiff","version":"1.0.0.R1534292"},{"name":"org.apache.commons.imaging.formats.pnm","version":"1.0.0.R1534292"},{"name":"org.apache.commons.imaging","version":"1.0.0.R1534292"},{"name":"org.apache.commons.imaging.formats.gif","version":"1.0.0.R1534292"},{"name":"org.apache.commons.imaging.formats.jpeg","version":"1.0.0.R1534292"},{"name":"org.apache.commons.imaging.formats.xbm","version":"1.0.0.R1534292"},{"name":"org.apache.commons.imaging.formats.jpeg.exif","version":"1.0.0.R1534292"},{"name":"org.apache.commons.imaging.formats.png.chunks","version":"1.0.0.R1534292"},{"name":"org.apache.commons.imaging.formats.tiff.constants","version":"1.0.0.R1534292"},{"name":"org.apache.commons.imaging.common","version":"1.0.0.R1534292"},{"name":"org.apache.commons.imaging.common.mylzw","version":"1.0.0.R1534292"},{"name":"org.apache.commons.imaging.formats.wbmp","version":"1.0.0.R1534292"},{"name":"org.apache.commons.imaging.formats.png.scanlinefilters","version":"1.0.0.R1534292"},{"name":"org.apache.commons.imaging.formats.psd.datareaders","version":"1.0.0.R1534292"},{"name":"org.apache.commons.imaging.formats.psd.dataparsers","version":"1.0.0.R1534292"},{"name":"org.apache.commons.imaging.formats.rgbe","version":"1.0.0.R1534292"},{"name":"org.apache.commons.imaging.formats.tiff.datareaders","version":"1.0.0.R1534292"},{"name":"org.apache.commons.imaging.formats.jpeg.xmp","version":"1.0.0.R1534292"},{"name":"org.apache.commons.imaging.formats.dcx","version":"1.0.0.R1534292"},{"name":"org.apache.commons.imaging.palette","version":"1.0.0.R1534292"},{"name":"org.apache.commons.imaging.common.itu_t4","version":"1.0.0.R1534292"},{"name":"org.apache.commons.imaging.formats.tiff.taginfos","version":"1.0.0.R1534292"},{"name":"org.apache.commons.imaging.formats.tga","version":"1.0.0.R1534292"},{"name":"org.apache.commons.imaging.formats.tiff.write","version":"1.0.0.R1534292"},{"name":"org.apache.commons.imaging.icc","version":"1.0.0.R1534292"},{"name":"org.apache.commons.imaging.formats.png.transparencyfilters","version":"1.0.0.R1534292"},{"name":"org.apache.commons.imaging.color","version":"1.0.0.R1534292"},{"name":"org.apache.commons.imaging.formats.tiff.fieldtypes","version":"1.0.0.R1534292"},{"name":"org.apache.commons.imaging.formats.xpm","version":"1.0.0.R1534292"},{"name":"org.apache.commons.imaging.formats.bmp.pixelparsers","version":"1.0.0.R1534292"},{"name":"org.apache.commons.imaging.formats.tiff.photometricinterpreters","version":"1.0.0.R1534292"},{"name":"org.apache.commons.imaging.formats.ico","version":"1.0.0.R1534292"},{"name":"org.apache.commons.imaging.formats.pcx","version":"1.0.0.R1534292"}]},{"symbolicName":"com.adobe.cq.cq-security-hc","version":"1.1.8","contentPackage":"cq-security-content-1.1.6","isInstalledByContentPackage":true},{"symbolicName":"com.day.cq.wcm.cq-wcm-commons","version":"5.8.10","contentPackage":"cq-wcm-content-6.1.578","isInstalledByContentPackage":true,"exportedPackages":[{"name":"com.day.cq.wcm.commons","version":"5.8"},{"name":"com.day.cq.wcm.commons.search","version":"5.7"}]},{"symbolicName":"com.adobe.cq.social.cq-social-scf-api","version":"1.0.8","contentPackage":"cq-socialcommunities-pkg-1.7.197","isInstalledByContentPackage":true,"exportedPackages":[{"name":"com.adobe.cq.social.commons.annotation","version":"1.0.8"},{"name":"com.adobe.cq.social.scf.core.operations","version":"1.0.8"},{"name":"com.adobe.cq.social.scf.core.resourcetree","version":"1.0.8"},{"name":"com.adobe.cq.social.scf.core.servlets","version":"1.0.8"},{"name":"com.adobe.cq.social.scf.community","version":"1.0.8"},{"name":"com.adobe.cq.social.scf.core","version":"1.0.8"},{"name":"com.adobe.cq.social.scf","version":"1.0.8"},{"name":"com.fasterxml.jackson.databind","version":"2.2.2"},{"name":"com.fasterxml.jackson.core","version":"2.2.2"},{"name":"com.fasterxml.jackson.annotation","version":"2.2.2"}]},{"symbolicName":"com.adobe.aemds.formsmanager.adobe-aemds-formsanddocuments-core","version":"4.1.28","contentPackage":"cq-adaptiveforms-content-2.1.34","isInstalledByContentPackage":true,"exportedPackages":[{"name":"com.adobe.aem.formsndocuments.publish","version":"4.1.28"},{"name":"com.adobe.aem.formsndocuments.util","version":"4.1.28"},{"name":"com.adobe.aem.formsndocuments.transferobjects","version":"4.1.28"},{"name":"com.adobe.aem.formsndocuments.servlet","version":"4.1.28"},{"name":"com.adobe.aem.formsndocuments.service.impl","version":"4.1.28"},{"name":"com.adobe.aem.formsndocuments.rnc","version":"4.1.28"},{"name":"com.adobe.aem.formsndocuments.listeners","version":"4.1.28"},{"name":"com.adobe.aem.formsndocuments.exception","version":"4.1.28"},{"name":"com.adobe.aem.formsndocuments.bootstrap","version":"4.1.28"},{"name":"com.adobe.aem.formsndocuments.publish.impl","version":"4.1.28"},{"name":"com.adobe.aem.formsndocuments.predicateevaluator","version":"4.1.28"},{"name":"com.adobe.aem.formsndocuments.scheduler","version":"4.1.28"},{"name":"com.adobe.aem.formsndocuments.service","version":"4.1.28"},{"name":"com.adobe.aem.formsndocuments.preprocess","version":"4.1.28"},{"name":"com.adobe.aem.formsndocuments.events","version":"4.1.28"},{"name":"com.adobe.livecycle.formsmanagement.api","version":"4.1.28"},{"name":"com.adobe.livecycle.formsmanagement.exception","version":"4.1.28"}]},{"symbolicName":"com.day.cq.cq-activitystreams-core","version":"5.8.8","contentPackage":"cq-activitystreams-content-1.1.10","isInstalledByContentPackage":true},{"symbolicName":"com.adobe.suitetech.nativecomm","version":"2.0.8","contentPackage":"cq-dam-libs-content-1.0.8","isInstalledByContentPackage":true,"exportedPackages":[{"name":"com.adobe.octopus.extract","version":"2.0.8"},{"name":"com.adobe.versioncue.nativecomm","version":"2.0.8"},{"name":"com.adobe.versioncue.nativecomm.hook","version":"2.0.8"},{"name":"com.adobe.versioncue.nativecomm.host","version":"2.0.8"},{"name":"com.adobe.versioncue.nativecomm.io","version":"2.0.8"},{"name":"com.adobe.versioncue.nativecomm.msg","version":"2.0.8"}]},{"symbolicName":"com.adobe.granite.workflow.core","version":"1.0.114.CQ610-B0008","exportedPackages":[{"name":"com.adobe.granite.workflow.core.event","version":"1.0"}]},{"symbolicName":"com.adobe.cq.social.cq-social-activitystreams","version":"1.2.68","contentPackage":"cq-socialcommunities-pkg-1.7.197","isInstalledByContentPackage":true,"exportedPackages":[{"name":"com.adobe.cq.social.activitystreams.api","version":"1.2.68"},{"name":"com.adobe.cq.social.activitystreams.client.api","version":"1.2.68"},{"name":"com.adobe.cq.social.activitystreams.listener.api","version":"1.2.68"}]},{"symbolicName":"com.day.cq.dam.dam-webdav-support","version":"1.0.0","contentPackage":"cq-dam-bundles-content-1.0.226","isInstalledByContentPackage":true},{"symbolicName":"com.day.cq.wcm.cq-wcm-foundation","version":"5.8.52","contentPackage":"cq-foundation-content-1.1.258","isInstalledByContentPackage":true,"exportedPackages":[{"name":"com.day.cq.wcm.foundation","version":"5.10.0"},{"name":"com.day.cq.wcm.foundation.forms.attachments","version":"1.0"},{"name":"com.day.cq.wcm.foundation.forms","version":"5.7"},{"name":"com.day.cq.wcm.foundation.profile","version":"5.7"},{"name":"com.day.cq.wcm.foundation.security","version":"1.0"}]},{"symbolicName":"com.adobe.xmp.worker.files.native.fragment.solaris-intel","version":"1.0.4","contentPackage":"cq-dam-libs-content-1.0.8","isInstalledByContentPackage":true},{"symbolicName":"com.adobe.granite.translation.connector.msft.core","version":"1.1.40","contentPackage":"cq-granite-translation-pkg-1.2.52","isInstalledByContentPackage":true,"exportedPackages":[{"name":"com.adobe.granite.translation.connector.msft.core","version":"1.0.6"}]},{"symbolicName":"com.day.cq.cq-compat-codeupgrade","version":"1.5.6","exportedPackages":[{"name":"com.day.cq.compat.codeupgrade","version":"5.7"}]},{"symbolicName":"com.day.cq.wcm.cq-msm-core","version":"5.8.48","contentPackage":"cq-wcm-content-6.1.578","isInstalledByContentPackage":true},{"symbolicName":"com.day.cq.wcm.cq-wcm-api","version":"5.9.4","contentPackage":"cq-wcm-content-6.1.578","isInstalledByContentPackage":true,"exportedPackages":[{"name":"com.day.cq.wcm.api","version":"1.9"},{"name":"com.day.cq.wcm.api.commands","version":"5.7"},{"name":"com.day.cq.wcm.api.components","version":"5.7"},{"name":"com.day.cq.wcm.api.designer","version":"5.7"},{"name":"com.day.cq.wcm.api.devicedetection","version":"5.7"},{"name":"com.day.cq.wcm.api.msm","version":"5.6"},{"name":"com.day.cq.wcm.api.reference","version":"1.1"},{"name":"com.day.cq.wcm.api.variants","version":"5.7"}]},{"symbolicName":"org.apache.sling.distribution.core","version":"0.1.1.r1678168","exportedPackages":[{"name":"org.apache.sling.distribution.util","version":"0.1.0"}]},{"symbolicName":"com.adobe.cq.social.cq-social-review","version":"1.2.26","contentPackage":"cq-socialcommunities-pkg-1.7.197","isInstalledByContentPackage":true,"exportedPackages":[{"name":"com.adobe.cq.social.review.client.api","version":"0.0.1"},{"name":"com.adobe.cq.social.review.client.endpoints.impl","version":"1.2.26"},{"name":"com.adobe.cq.social.review.client.endpoints","version":"0.0.1"}]},{"symbolicName":"com.day.cq.cq-searchpromote","version":"5.8.34","contentPackage":"cq-cloudservices-content-1.1.504","isInstalledByContentPackage":true,"exportedPackages":[{"name":"com.day.cq.searchpromote.feed.api","version":"1.0"},{"name":"com.day.cq.searchpromote.feed","version":"5.8.20"},{"name":"com.day.cq.searchpromote","version":"1.0"},{"name":"com.day.cq.searchpromote.xml","version":"1.0"},{"name":"com.day.cq.searchpromote.xml.form","version":"1.0"},{"name":"com.day.cq.searchpromote.xml.result","version":"1.0"}]},{"symbolicName":"org.apache.sling.jcr.davex","version":"1.2.2"},{"symbolicName":"org.apache.sling.security","version":"1.0.10"},{"symbolicName":"com.day.cq.cq-upgrades-executor","version":"1.2.4","contentPackage":"cq-compat-content-1.1.44","isInstalledByContentPackage":true,"exportedPackages":[{"name":"com.adobe.cq.upgradesexecutor","version":"1.2.4"}]},{"symbolicName":"com.adobe.cq.cq-healthcheck","version":"1.0.6","contentPackage":"cq-healthcheck-content-1.1.4","isInstalledByContentPackage":true},{"symbolicName":"org.apache.sanselan.sanselan","version":"0.97.0.incubator","contentPackage":"cq-dam-libs-content-1.0.8","isInstalledByContentPackage":true,"exportedPackages":[{"name":"org.apache.sanselan.formats.transparencyfilters","version":"0.0.0"},{"name":"org.apache.sanselan.formats.jpeg.exifRewrite","version":"0.0.0"},{"name":"org.apache.sanselan.formats.jpeg.iptc","version":"0.0.0"},{"name":"org.apache.sanselan.formats.tiff.datareaders","version":"0.0.0"},{"name":"org.apache.sanselan.formats.jpeg","version":"0.0.0"},{"name":"org.apache.sanselan.util","version":"0.0.0"},{"name":"org.apache.sanselan.formats.tiff.write","version":"0.0.0"},{"name":"org.apache.sanselan.formats.jpeg.segments","version":"0.0.0"},{"name":"org.apache.sanselan.formats.psd","version":"0.0.0"},{"name":"org.apache.sanselan.common.mylzw","version":"0.0.0"},{"name":"org.apache.sanselan.color","version":"0.0.0"},{"name":"org.apache.sanselan.palette","version":"0.0.0"},{"name":"org.apache.sanselan.formats.ico","version":"0.0.0"},{"name":"org.apache.sanselan.common.byteSources","version":"0.0.0"},{"name":"org.apache.sanselan.formats.png","version":"0.0.0"},{"name":"org.apache.sanselan.formats.tiff","version":"0.0.0"},{"name":"org.apache.sanselan.icc","version":"0.0.0"},{"name":"org.apache.sanselan.formats.psd.datareaders","version":"0.0.0"},{"name":"org.apache.sanselan.formats.png.chunks","version":"0.0.0"},{"name":"org.apache.sanselan.formats.gif","version":"0.0.0"},{"name":"org.apache.sanselan.formats.tiff.fieldtypes","version":"0.0.0"},{"name":"org.apache.sanselan.formats.pnm","version":"0.0.0"},{"name":"org.apache.sanselan.common","version":"0.0.0"},{"name":"org.apache.sanselan.formats.bmp.writers","version":"0.0.0"},{"name":"org.apache.sanselan.formats.bmp.pixelparsers","version":"0.0.0"},{"name":"org.apache.sanselan.formats.tiff.constants","version":"0.0.0"},{"name":"org.apache.sanselan.formats.bmp","version":"0.0.0"},{"name":"org.apache.sanselan","version":"0.0.0"},{"name":"org.apache.sanselan.formats.jpeg.xmp","version":"0.0.0"},{"name":"org.apache.sanselan.formats.tga","version":"0.0.0"},{"name":"org.apache.sanselan.formats.psd.dataparsers","version":"0.0.0"},{"name":"org.apache.sanselan.formats.png.scanlinefilters","version":"0.0.0"},{"name":"org.apache.sanselan.formats.tiff.photometricinterpreters","version":"0.0.0"}]},{"symbolicName":"com.day.cq.cq-searchpromote-geometrixx","version":"1.1.16","contentPackage":"cq-cloudservices-content-1.1.504","isInstalledByContentPackage":true},{"symbolicName":"com.adobe.cq.commerce.cq-commerce-pim","version":"5.10.14","contentPackage":"cq-commerce-content-1.3.114","isInstalledByContentPackage":true,"exportedPackages":[{"name":"com.adobe.cq.commerce.pim.api","version":"1.3.1"},{"name":"com.adobe.cq.commerce.pim.common","version":"1.3.1"}]},{"symbolicName":"AGL_min","version":"1.5.698416.2","exportedPackages":[{"name":"com.adobe.agl.text","version":"1.5.0"},{"name":"com.adobe.agl.impl.data.icudt40b.rbnf","version":"1.5.0"},{"name":"com.adobe.agl.impl","version":"1.5.0"},{"name":"com.adobe.agl.impl.data.icudt40b.coll","version":"1.5.0"},{"name":"com.adobe.agl.util","version":"1.5.0"},{"name":"com.adobe.agl.impl.data.icudt40b.brkitr","version":"1.5.0"},{"name":"com.adobe.agl.lang","version":"1.5.0"},{"name":"com.adobe.agl.math","version":"1.5.0"},{"name":"com.adobe.agl.impl.data.icudt40b","version":"1.5.0"},{"name":"com.adobe.agl.charset","version":"1.5.0"},{"name":"com.adobe.agl.impl.data.icudt40b.translit","version":"1.5.0"}]},{"symbolicName":"com.adobe.aemds.guide.aemds-guide-core","version":"2.1.28","contentPackage":"cq-adaptiveforms-content-2.1.34","isInstalledByContentPackage":true,"exportedPackages":[{"name":"com.adobe.aemds.guide.service.impl","version":"2.1.28"},{"name":"com.adobe.aemds.guide.service.external","version":"2.1.28"},{"name":"com.adobe.aemds.guide.service","version":"2.1.28"},{"name":"com.adobe.aemds.guide.taglibs","version":"2.1.28"},{"name":"com.adobe.aemds.guide.utils","version":"2.1.28"},{"name":"com.adobe.aemds.guide.utils.rhino","version":"2.1.28"},{"name":"com.adobe.aemds.guide.submitutils","version":"2.1.28"},{"name":"com.adobe.aemds.guide.common","version":"2.1.28"},{"name":"com.adobe.aemds.guide.servlet","version":"2.1.28"},{"name":"com.adobe.aemds.guide.xfa","version":"2.1.28"},{"name":"com.adobe.aemds.guide.progressive","version":"2.1.28"}]},{"symbolicName":"com.day.cq.dam.cq-dam-drive-handlers","version":"1.0.2","contentPackage":"cq-dam-bundles-content-1.0.226","isInstalledByContentPackage":true,"exportedPackages":[{"name":"com.day.cq.dam.drive.common","version":"1.0.2"},{"name":"com.day.cq.dam.drive.servlet","version":"1.0.2"},{"name":"com.day.cq.dam.drive.util","version":"1.0.2"}]},{"symbolicName":"com.day.cq.wcm.cq-wcm-mobile-qrcode","version":"5.8.4","contentPackage":"cq-wcm-content-6.1.578","isInstalledByContentPackage":true},{"symbolicName":"com.day.cq.wcm.cq-wcm-designimporter","version":"1.2.10","contentPackage":"cq-wcm-content-6.1.578","isInstalledByContentPackage":true,"exportedPackages":[{"name":"com.day.cq.wcm.designimporter.api","version":"1.1.0"},{"name":"com.day.cq.wcm.designimporter","version":"1.1.0"},{"name":"com.day.cq.wcm.designimporter.parser","version":"1.1.0"},{"name":"com.day.cq.wcm.designimporter.parser.taghandlers","version":"1.1.0"},{"name":"com.day.cq.wcm.designimporter.parser.taghandlers.factory","version":"1.1.0"},{"name":"com.day.cq.wcm.designimporter.util","version":"1.1.0"}]},{"symbolicName":"com.day.cq.dam.commons.nekohtml","version":"0.9.5","contentPackage":"cq-dam-libs-content-1.0.8","isInstalledByContentPackage":true,"exportedPackages":[{"name":"com.day.cq.dam.html","version":"0.0.0"}]},{"symbolicName":"com.adobe.cq.social.cq-social-graph-api","version":"1.0.14","contentPackage":"cq-socialcommunities-pkg-1.7.197","isInstalledByContentPackage":true,"exportedPackages":[{"name":"com.adobe.cq.social.graph","version":"1.0.14"},{"name":"com.adobe.cq.social.graph.client.api","version":"1.0.14"},{"name":"com.adobe.cq.social.graph.client.endpoint","version":"1.0.14"}]},{"symbolicName":"com.adobe.cq.social.cq-social-blog","version":"1.2.7","contentPackage":"cq-socialcommunities-pkg-1.7.197","isInstalledByContentPackage":true,"exportedPackages":[{"name":"com.adobe.cq.social.blog","version":"1.2.7"},{"name":"com.adobe.cq.social.blog.antispam","version":"1.2.7"},{"name":"com.adobe.cq.social.blog.antispam.process","version":"1.2.7"},{"name":"com.adobe.cq.social.blog.search","version":"1.2.7"},{"name":"com.adobe.cq.social.blog.search.process","version":"1.2.7"},{"name":"com.adobe.cq.social.blog.trackback","version":"1.2.7"}]},{"symbolicName":"com.day.cq.wcm.cq-wcm-core","version":"5.8.200","contentPackage":"cq-wcm-content-6.1.578","isInstalledByContentPackage":true,"exportedPackages":[{"name":"com.day.cq.wcm.core.mvt","version":"5.7"},{"name":"com.day.cq.wcm.core.stats","version":"5.7"},{"name":"com.day.cq.wcm.core.contentfinder","version":"5.8"},{"name":"com.day.cq.wcm.core.components","version":"5.7"},{"name":"com.day.cq.wcm.core.references","version":"5.8.110"},{"name":"com.day.cq.wcm.core.utils","version":"5.7"}]},{"symbolicName":"com.adobe.granite.socketio","version":"0.0.4","exportedPackages":[{"name":"com.adobe.granite.socketio","version":"0.0.1"}],"runModes":[":standalone"]},{"symbolicName":"com.day.crx.sling.crx-auth-token","version":"2.5.20.CQ610-B0002","exportedPackages":[{"name":"com.day.crx.security.token","version":"1.0.2"}]},{"symbolicName":"org.apache.jackrabbit.jackrabbit-webdav","version":"2.10.0","exportedPackages":[{"name":"org.apache.jackrabbit.webdav","version":"1.0.1"},{"name":"org.apache.jackrabbit.webdav.bind","version":"1.0.0"},{"name":"org.apache.jackrabbit.webdav.client.methods","version":"1.0.0"},{"name":"org.apache.jackrabbit.webdav.header","version":"1.0.0"},{"name":"org.apache.jackrabbit.webdav.io","version":"1.0.1"},{"name":"org.apache.jackrabbit.webdav.lock","version":"1.0.0"},{"name":"org.apache.jackrabbit.webdav.observation","version":"1.0.0"},{"name":"org.apache.jackrabbit.webdav.ordering","version":"1.0.0"},{"name":"org.apache.jackrabbit.webdav.property","version":"1.0.0"},{"name":"org.apache.jackrabbit.webdav.search","version":"1.0.0"},{"name":"org.apache.jackrabbit.webdav.security","version":"1.0.0"},{"name":"org.apache.jackrabbit.webdav.security.report","version":"1.0.0"},{"name":"org.apache.jackrabbit.webdav.server","version":"1.0.0"},{"name":"org.apache.jackrabbit.webdav.transaction","version":"1.0.0"},{"name":"org.apache.jackrabbit.webdav.util","version":"1.0.1"},{"name":"org.apache.jackrabbit.webdav.version","version":"1.0.0"},{"name":"org.apache.jackrabbit.webdav.version.report","version":"1.0.0"},{"name":"org.apache.jackrabbit.webdav.xml","version":"1.1.0"}]},{"symbolicName":"com.adobe.cq.cq-creativecloud-filesync","version":"0.0.12","contentPackage":"cq-creativecloud-content-0.0.18","isInstalledByContentPackage":true,"exportedPackages":[{"name":"com.adobe.cq.creativecloud.filesync","version":"0.1"}]},{"symbolicName":"com.adobe.granite.translation.api","version":"1.1.24","contentPackage":"cq-granite-translation-pkg-1.2.52","isInstalledByContentPackage":true,"exportedPackages":[{"name":"com.adobe.granite.translation.api","version":"2.0.0"}]},{"symbolicName":"com.adobe.cq.social.cq-social-scoring-api","version":"1.1.1","contentPackage":"cq-socialcommunities-pkg-1.7.197","isInstalledByContentPackage":true,"exportedPackages":[{"name":"com.adobe.cq.social.scoring.api","version":"1.1.1"}]},{"symbolicName":"com.day.cq.dam.adobe-dam-idsprint","version":"0.0.36","contentPackage":"cq-dam-bundles-content-1.0.226","isInstalledByContentPackage":true,"exportedPackages":[{"name":"com.adobe.dam.print.ids","version":"0.0.36"}]},{"symbolicName":"com.adobe.cq.social.cq-social-console-dns-impl","version":"1.0.1","contentPackage":"cq-socialcommunities-pkg-1.7.197","isInstalledByContentPackage":true},{"symbolicName":"com.adobe.cq.cq-creativecloud-commons","version":"0.0.8","contentPackage":"cq-creativecloud-content-0.0.18","isInstalledByContentPackage":true,"exportedPackages":[{"name":"com.adobe.cq.creativecloud.home","version":"0.1"}]},{"symbolicName":"com.adobe.cq.com.adobe.cq.projects.api","version":"0.1.2","contentPackage":"cq-projects-content-1.1.134","isInstalledByContentPackage":true,"exportedPackages":[{"name":"com.adobe.cq.projects.api","version":"0.2"}]},{"symbolicName":"com.adobe.cq.media.cq-media-publishing-dps-fp-core","version":"5.8.6","contentPackage":"cq-media-content-5.8.66","isInstalledByContentPackage":true},{"symbolicName":"com.adobe.cq.social.cq-social-filelibrary","version":"1.0.46","contentPackage":"cq-socialcommunities-pkg-1.7.197","isInstalledByContentPackage":true,"exportedPackages":[{"name":"com.adobe.cq.social.filelibrary.client.api","version":"1.0.46"},{"name":"com.adobe.cq.social.filelibrary.client.endpoints","version":"1.0.46"}]},{"symbolicName":"com.adobe.cq.social.cq-social-group","version":"1.2.43","contentPackage":"cq-socialcommunities-pkg-1.7.197","isInstalledByContentPackage":true,"exportedPackages":[{"name":"com.adobe.cq.social.group.api","version":"1.2.43"},{"name":"com.adobe.cq.social.group.client.api","version":"1.2.43"},{"name":"com.adobe.cq.social.group.client.endpoints","version":"1.2.43"}]},{"symbolicName":"org.apache.sling.installer.core","version":"3.6.4","exportedPackages":[{"name":"org.apache.sling.installer.api","version":"3.2.0"},{"name":"org.apache.sling.installer.api.info","version":"1.0.2"},{"name":"org.apache.sling.installer.api.event","version":"1.0.2"},{"name":"org.apache.sling.installer.api.tasks","version":"1.3.2"},{"name":"org.apache.sling.installer.api.jmx","version":"1.0.2"}]},{"symbolicName":"com.day.cq.cq-compat-configupdate","version":"0.2.0"},{"symbolicName":"com.day.cq.dam.cq-dam-core","version":"5.8.172","contentPackage":"cq-dam-bundles-content-1.0.226","isInstalledByContentPackage":true,"exportedPackages":[{"name":"com.day.cq.dam.core","version":"1.1"},{"name":"com.day.cq.dam.core.metadata","version":"5.8.38"},{"name":"com.day.cq.dam.core.process","version":"1.5.0"}]},{"symbolicName":"com.adobe.cq.social.cq-social-messaging","version":"1.2.32","contentPackage":"cq-socialcommunities-pkg-1.7.197","isInstalledByContentPackage":true,"exportedPackages":[{"name":"com.adobe.cq.social.messaging.api","version":"1.2.32"},{"name":"com.adobe.cq.social.messaging.client.api","version":"1.2.32"},{"name":"com.adobe.cq.social.messaging.client.endpoints","version":"1.2.32"}]},{"symbolicName":"com.adobe.granite.translation.core","version":"1.1.20","contentPackage":"cq-granite-translation-pkg-1.2.52","isInstalledByContentPackage":true,"exportedPackages":[{"name":"com.adobe.granite.translation.core.common","version":"2.0.0"},{"name":"com.adobe.granite.translation.core","version":"1.1.20"}]},{"symbolicName":"com.adobe.cq.social.cq-social-ugcbase-impl","version":"2.0.109","contentPackage":"cq-socialcommunities-pkg-1.7.197","isInstalledByContentPackage":true},{"symbolicName":"com.day.cq.dam.adobe-xmp","version":"5.6.2","contentPackage":"cq-dam-bundles-content-1.0.226","isInstalledByContentPackage":true,"exportedPackages":[{"name":"com.adobe.xmp","version":"0.0.0"},{"name":"com.adobe.xmp.options","version":"0.0.0"},{"name":"com.adobe.xmp.properties","version":"0.0.0"}]},{"symbolicName":"com.day.cq.wcm.cq-wcm-offline","version":"5.7.4","contentPackage":"cq-wcm-content-6.1.578","isInstalledByContentPackage":true,"exportedPackages":[{"name":"com.day.cq.wcm.offline","version":"5.7.0"}]},{"symbolicName":"org.apache.sling.engine","version":"2.4.2","exportedPackages":[{"name":"org.apache.sling.engine","version":"2.2"},{"name":"org.apache.sling.engine.jmx","version":"1.0.2"},{"name":"org.apache.sling.engine.servlets","version":"2.0.8"}]},{"symbolicName":"com.day.cq.mcm.cq-mcm-emailprovider","version":"1.2.6","contentPackage":"cq-mcm-content-1.1.182","isInstalledByContentPackage":true,"exportedPackages":[{"name":"com.day.cq.mcm.emailprovider","version":"1.1"},{"name":"com.day.cq.mcm.emailprovider.service","version":"1.1"},{"name":"com.day.cq.mcm.emailprovider.types","version":"1.1"},{"name":"com.day.cq.mcm.emailprovider.util","version":"1.1"},{"name":"com.day.cq.mcm.emailprovider.impl.types","version":"1.1"}]},{"symbolicName":"com.adobe.cq.cq-dam-mac-sync-helper","version":"1.1.12","contentPackage":"cq-dam-mac-sync-pkg-1.1.18","isInstalledByContentPackage":true,"exportedPackages":[{"name":"com.adobe.cq.dam.mac.sync.helper","version":"1.0.0"}]},{"symbolicName":"com.day.cq.wcm.cq-wcm-translation","version":"1.1.78","contentPackage":"cq-wcm-content-6.1.578","isInstalledByContentPackage":true},{"symbolicName":"org.apache.sling.resource.inventory","version":"1.0.4"},{"symbolicName":"com.adobe.cq.wcm.cq-geometrixx-commons-core","version":"1.3.8","contentPackage":"cq-geometrixx-all-pkg-5.8.392","isInstalledByContentPackage":true,"exportedPackages":[{"name":"info.geometrixx.commons.util","version":"1.1"},{"name":"info.geometrixx.commons.popular","version":"1.1"},{"name":"info.geometrixx.commons","version":"1.2.2"}],"runModes":["samplecontent"]},{"symbolicName":"com.day.cq.wcm.cq-msm-commons","version":"1.1.2","contentPackage":"cq-wcm-content-6.1.578","isInstalledByContentPackage":true,"exportedPackages":[{"name":"com.day.cq.wcm.msm.commons","version":"1.1.2"}]},{"symbolicName":"com.adobe.cq.social.cq-social-tally","version":"1.2.30","contentPackage":"cq-socialcommunities-pkg-1.7.197","isInstalledByContentPackage":true,"exportedPackages":[{"name":"com.adobe.cq.social.tally.client.endpoints","version":"0.0.1"},{"name":"com.adobe.cq.social.tally.client.api","version":"0.0.1"},{"name":"com.adobe.cq.social.tally","version":"0.0.1"}]},{"symbolicName":"com.adobe.cq.com.adobe.cq.projects.ui","version":"0.1.4","contentPackage":"cq-projects-content-1.1.134","isInstalledByContentPackage":true,"exportedPackages":[{"name":"com.adobe.cq.projects.ui","version":"0.1"}]},{"symbolicName":"com.adobe.cq.com.adobe.cq.projects.core","version":"0.1.60","contentPackage":"cq-projects-content-1.1.134","isInstalledByContentPackage":true},{"symbolicName":"com.adobe.cq.cq-pre-upgrade-cleanup","version":"6.1.2"},{"symbolicName":"com.adobe.cq.mobile.cq-mobile-phonegap-build","version":"5.8.22","contentPackage":"cq-mobile-phonegap-content-6.1.52","isInstalledByContentPackage":true},{"symbolicName":"com.adobe.cq.mobile.cq-mobile-core","version":"6.1.38","contentPackage":"cq-mobile-phonegap-content-6.1.52","isInstalledByContentPackage":true,"exportedPackages":[{"name":"com.adobe.cq.mobile.angular.data.util","version":"6.1.0"},{"name":"com.adobe.cq.mobile.platform","version":"1.1.0"}]},{"symbolicName":"com.day.cq.cq-compat-runmode","version":"0.2.0","exportedPackages":[{"name":"org.apache.sling.runmode","version":"0.0.0"}]},{"symbolicName":"com.adobe.cq.social.cq-social-commons","version":"1.5.103","contentPackage":"cq-socialcommunities-pkg-1.7.197","isInstalledByContentPackage":true,"exportedPackages":[{"name":"com.adobe.cq.social.commons","version":"1.5.103"},{"name":"com.adobe.cq.social.commons.events","version":"1.5.103"},{"name":"com.adobe.cq.social.commons.comments.api","version":"1.5.103"},{"name":"com.adobe.cq.social.commons.comments.impl","version":"1.5.103"},{"name":"com.adobe.cq.social.commons.comments.endpoints.impl","version":"1.5.103"},{"name":"com.adobe.cq.social.commons.comments.endpoints","version":"1.5.103"},{"name":"com.adobe.cq.social.commons.tagging","version":"1.5.103"},{"name":"com.adobe.cq.social.commons.tagcloud.api","version":"1.5.103"},{"name":"com.adobe.cq.social.commons.listing","version":"1.5.103"},{"name":"com.adobe.cq.social.commons.comments.listing","version":"1.5.103"},{"name":"com.adobe.cq.social.commons.comments.search","version":"1.5.103"},{"name":"com.adobe.cq.social.commons.moderation.api","version":"1.5.103"},{"name":"com.adobe.cq.social.commons.moderation.events","version":"1.5.103"},{"name":"com.adobe.cq.social.commons.bundleactivator","version":"1.5.103"}]},{"symbolicName":"com.adobe.granite.crypto","version":"3.0.18.CQ610-B0004","exportedPackages":[{"name":"com.adobe.granite.crypto","version":"1.4"},{"name":"com.adobe.granite.keystore","version":"3.2.0"}]},{"symbolicName":"com.day.cq.wcm.cq-wcm-siteimporter","version":"5.8.6","contentPackage":"cq-wcm-content-6.1.578","isInstalledByContentPackage":true,"exportedPackages":[{"name":"com.day.cq.wcm.siteimporter","version":"2.0.0"}]},{"symbolicName":"com.adobe.cq.cq-pre-upgrade-backup","version":"6.1.4","exportedPackages":[{"name":"com.adobe.cq.upgrades.backup","version":"6.2.0"}]},{"symbolicName":"org.apache.sling.installer.provider.file","version":"1.1.0"},{"symbolicName":"com.adobe.cq.social.cq-social-journal","version":"1.2.13","contentPackage":"cq-socialcommunities-pkg-1.7.197","isInstalledByContentPackage":true,"exportedPackages":[{"name":"com.adobe.cq.social.journal.client.api","version":"1.2.13"},{"name":"com.adobe.cq.social.journal.client.endpoints","version":"1.2.13"}]},{"symbolicName":"com.adobe.cq.cq-dtm","version":"0.1.8","contentPackage":"cq-cloudservices-content-1.1.504","isInstalledByContentPackage":true},{"symbolicName":"com.day.crx.crxde-support","version":"3.0.0","runModes":["samplecontent"]},{"symbolicName":"com.adobe.cq.dam.cq-dam-svg-handler","version":"0.0.4","contentPackage":"cq-dam-bundles-content-1.0.226","isInstalledByContentPackage":true},{"symbolicName":"com.day.cq.cq-jcrclustersupport","version":"0.7.2","exportedPackages":[{"name":"com.day.cq.jcrclustersupport","version":"2.0"}]},{"symbolicName":"com.adobe.cq.social.cq-social-sync","version":"1.0.11","contentPackage":"cq-socialcommunities-pkg-1.7.197","isInstalledByContentPackage":true},{"symbolicName":"com.adobe.cq.social.cq-social-graph-impl","version":"1.0.16","contentPackage":"cq-socialcommunities-pkg-1.7.197","isInstalledByContentPackage":true},{"symbolicName":"org.apache.sling.installer.provider.jcr","version":"3.1.16"},{"symbolicName":"com.adobe.cq.cq-creativecloud-storage","version":"0.0.8","contentPackage":"cq-creativecloud-content-0.0.18","isInstalledByContentPackage":true},{"symbolicName":"com.adobe.cq.social.cq-social-ugc-search-collections","version":"1.2.131","contentPackage":"cq-socialcommunities-pkg-1.7.197","isInstalledByContentPackage":true,"exportedPackages":[{"name":"com.adobe.cq.social.sc.lucene","version":"1.2.131"},{"name":"com.adobe.cq.social.ugc.api","version":"1.2.131"},{"name":"com.day.crx.sc.qom","version":"1.2.131"},{"name":"com.day.crx.sc.api","version":"1.2.131"},{"name":"com.day.crx.sc.osgi","version":"1.2.131"}]},{"symbolicName":"com.day.cq.wcm.cq-wcm-content-sync","version":"5.8.4","contentPackage":"cq-wcm-content-6.1.578","isInstalledByContentPackage":true,"exportedPackages":[{"name":"com.day.cq.wcm.contentsync","version":"1.1"}]},{"symbolicName":"com.day.cq.wcm.cq-wcm-emulator","version":"5.8.2","contentPackage":"cq-wcm-content-6.1.578","isInstalledByContentPackage":true,"exportedPackages":[{"name":"com.day.cq.wcm.emulator","version":"1.0"}]},{"symbolicName":"com.adobe.xmp.worker.files.native.fragment.macosx","version":"1.0.2","contentPackage":"cq-dam-libs-content-1.0.8","isInstalledByContentPackage":true},{"symbolicName":"com.day.cq.wcm.cq-wcm-undo","version":"5.8.2","contentPackage":"cq-wcm-content-6.1.578","isInstalledByContentPackage":true,"exportedPackages":[{"name":"com.day.cq.wcm.undo","version":"1.0"}]},{"symbolicName":"com.day.cq.cq-licensebranding","version":"6.2.2"},{"symbolicName":"com.day.cq.mcm.cq-mcm-landingpage","version":"1.2.6","contentPackage":"cq-mcm-content-1.1.182","isInstalledByContentPackage":true,"exportedPackages":[{"name":"com.day.cq.mcm.landingpage.parser.taghandlers.cta","version":"1.1"},{"name":"com.day.cq.mcm.landingpage.parser.taghandlers.mbox","version":"1.1"},{"name":"com.day.cq.mcm.landingpage.leadform.creator","version":"1.0"}]},{"symbolicName":"com.adobe.xmp.worker.files.native.fragment.win","version":"1.0.2","contentPackage":"cq-dam-libs-content-1.0.8","isInstalledByContentPackage":true},{"symbolicName":"org.apache.jackrabbit.vault","version":"3.1.18","exportedPackages":[{"name":"org.apache.jackrabbit.vault.fs","version":"2.4.0"},{"name":"org.apache.jackrabbit.vault.fs.api","version":"2.4.0"},{"name":"org.apache.jackrabbit.vault.fs.spi","version":"2.4.0"},{"name":"org.apache.jackrabbit.vault.fs.config","version":"2.4.0"},{"name":"org.apache.jackrabbit.vault.fs.filter","version":"2.4.0"},{"name":"org.apache.jackrabbit.vault.fs.io","version":"2.4.0"},{"name":"org.apache.jackrabbit.vault.util","version":"2.4.0"},{"name":"org.apache.jackrabbit.vault.util.xml.serialize","version":"2.4.0"},{"name":"org.apache.jackrabbit.vault.util.xml.xerces.dom","version":"2.4.0"},{"name":"org.apache.jackrabbit.vault.util.xml.xerces.util","version":"2.4.0"},{"name":"org.apache.jackrabbit.vault.util.xml.xerces.xni","version":"2.4.0"},{"name":"org.apache.jackrabbit.vault.util.xml.xerces.xni.parser","version":"2.4.0"},{"name":"org.apache.jackrabbit.vault.packaging","version":"2.4.0"}]},{"symbolicName":"com.day.cq.dam.cq-dam-api","version":"5.8.28","contentPackage":"cq-dam-bundles-content-1.0.226","isInstalledByContentPackage":true,"exportedPackages":[{"name":"com.day.cq.dam.api","version":"1.7"},{"name":"com.day.cq.dam.api.cache","version":"1.1"},{"name":"com.day.cq.dam.api.collection","version":"1.0"},{"name":"com.day.cq.dam.api.handler","version":"1.2"},{"name":"com.day.cq.dam.api.handler.store","version":"1.1"},{"name":"com.day.cq.dam.api.handler.xmp","version":"1.1"},{"name":"com.day.cq.dam.api.jobs","version":"1.1"},{"name":"com.day.cq.dam.api.lightbox","version":"1.1"},{"name":"com.day.cq.dam.api.metadata","version":"1.1"},{"name":"com.day.cq.dam.api.metadata.xmp","version":"1.1"},{"name":"com.day.cq.dam.api.proxy.client","version":"1.1"},{"name":"com.day.cq.dam.api.proxy","version":"1.1"},{"name":"com.day.cq.dam.api.renditions","version":"1.0"},{"name":"com.day.cq.dam.api.s7dam.config","version":"2.1"},{"name":"com.day.cq.dam.api.s7dam.constants","version":"1.1"},{"name":"com.day.cq.dam.api.s7dam.jobs","version":"1.1"},{"name":"com.day.cq.dam.api.s7dam","version":"1.1"},{"name":"com.day.cq.dam.api.s7dam.set","version":"2.0"},{"name":"com.day.cq.dam.api.s7dam.utils","version":"3.0"},{"name":"com.day.cq.dam.api.thumbnail","version":"1.1"},{"name":"com.day.cq.dam.api.timeline.types","version":"1.0"},{"name":"com.day.cq.dam.api.ui.editor.metadata","version":"1.0"},{"name":"com.day.cq.dam.api.ui.preview","version":"1.0.0"}]},{"symbolicName":"com.adobe.cq.social.cq-social-as-provider","version":"1.1.102","contentPackage":"cq-socialcommunities-pkg-1.7.197","isInstalledByContentPackage":true},{"symbolicName":"com.day.cq.wcm.cq-wcm-scripting-support","version":"1.0.0","contentPackage":"cq-wcm-content-6.1.578","isInstalledByContentPackage":true},{"symbolicName":"com.day.cq.dam.cq-dam-s7dam","version":"5.8.50","contentPackage":"cq-dam-bundles-content-1.0.226","isInstalledByContentPackage":true},{"symbolicName":"com.adobe.granite.contexthub.commons","version":"0.0.36","contentPackage":"com.adobe.granite.contexthub.content-0.0.276-CQ610-B0001","isInstalledByContentPackage":true,"exportedPackages":[{"name":"com.adobe.granite.contexthub.api","version":"4.0"}]},{"symbolicName":"com.day.cq.wcm.cq-wcm-webservice-support","version":"5.8.44","contentPackage":"cq-wcm-content-6.1.578","isInstalledByContentPackage":true,"exportedPackages":[{"name":"com.day.cq.wcm.webservicesupport","version":"5.10.0"}]},{"symbolicName":"com.adobe.cq.social.cq-social-scoring","version":"1.1.9","contentPackage":"cq-socialcommunities-pkg-1.7.197","isInstalledByContentPackage":true,"exportedPackages":[{"name":"com.adobe.cq.social.scoring.util","version":"1.1.9"}]},{"symbolicName":"com.adobe.cq.cq-content-insight","version":"1.1.12","contentPackage":"cq-content-insight-content-1.1.30","isInstalledByContentPackage":true,"exportedPackages":[{"name":"com.adobe.cq.contentinsight","version":"1.0"}]},{"symbolicName":"com.adobe.cq.media.cq-media-publishing-dps-integration","version":"5.8.18","contentPackage":"cq-media-content-5.8.66","isInstalledByContentPackage":true,"exportedPackages":[{"name":"com.adobe.cq.media.publishing.commands","version":"5.7"},{"name":"com.adobe.cq.media.publishing.dps","version":"5.8"},{"name":"com.adobe.cq.media.publishing","version":"5.7.1"}]},{"symbolicName":"com.day.cq.com.day.cq.theme","version":"1.0.0","exportedPackages":[{"name":"com.day.cq.theme","version":"5.4.0"}]},{"symbolicName":"com.day.cq.mcm.cq-mcm-silverpop-integration","version":"1.2.2","contentPackage":"cq-mcm-content-1.1.182","isInstalledByContentPackage":true,"exportedPackages":[{"name":"com.adobe.cq.mcm.silverpop","version":"1.1"}]},{"symbolicName":"org.apache.jackrabbit.oak-tarmk-standby","version":"1.2.2.R1677973","runModes":["crx3"]},{"symbolicName":"com.day.cq.dam.cq-dam-word","version":"5.7.2","contentPackage":"cq-dam-bundles-content-1.0.226","isInstalledByContentPackage":true,"exportedPackages":[{"name":"com.day.cq.dam.word.extraction","version":"5.7.2"},{"name":"com.day.cq.dam.word.process","version":"5.7.2"}]},{"symbolicName":"org.apache.sling.startupfilter","version":"0.0.1.Rev1526908","exportedPackages":[{"name":"org.apache.sling.startupfilter","version":"0.0.1.Rev1526908"}]},{"symbolicName":"com.adobe.xmp.worker.files.host","version":"1.0.4","contentPackage":"cq-dam-libs-content-1.0.8","isInstalledByContentPackage":true,"exportedPackages":[{"name":"com.adobe.xmp.worker.files","version":"1.0.3.SNAPSHOT"}]},{"symbolicName":"com.day.cq.cq-chart","version":"5.7.2","contentPackage":"cq-chart-content-1.0.2","isInstalledByContentPackage":true,"exportedPackages":[{"name":"com.day.cq.graphics","version":"1.0"},{"name":"com.day.cq.graphics.chart","version":"1.0"}]},{"symbolicName":"com.adobe.cq.dam.cq-scene7-imaging","version":"1.1.36","contentPackage":"cq-dam-delivery-bundles-content-1.0.28","isInstalledByContentPackage":true,"exportedPackages":[{"name":"com.adobe.cq.dam.s7imaging","version":"2.1.0"}]},{"symbolicName":"com.adobe.cq.com.adobe.cq.projects.wcm.core","version":"0.1.6","contentPackage":"cq-projects-content-1.1.134","isInstalledByContentPackage":true},{"symbolicName":"com.day.cq.wcm.cq-wcm-geometrixx","version":"5.7.2","contentPackage":"cq-geometrixx-all-pkg-5.8.392","isInstalledByContentPackage":true,"exportedPackages":[{"name":"com.day.cq.wcm.apps.geometrixx","version":"1.0"}],"runModes":["samplecontent"]},{"symbolicName":"com.adobe.granite.security.user","version":"0.1.56.CQ610-B0002","exportedPackages":[{"name":"com.adobe.granite.security.user","version":"1.5"},{"name":"com.adobe.granite.security.user.util","version":"1.1"}]},{"symbolicName":"com.day.cq.cq-widgets","version":"5.5.210.CQ610-B0001","exportedPackages":[{"name":"com.adobe.granite.ui.components","version":"1.8.0"},{"name":"com.adobe.granite.ui.components.ds","version":"1.0.0"},{"name":"com.adobe.granite.ui.components.formbuilder","version":"1.1.0"},{"name":"com.adobe.granite.ui.components.rendercondition","version":"1.0.0"},{"name":"com.adobe.granite.ui.tags","version":"1.0.0"},{"name":"com.day.cq.widget","version":"5.5.0"}]},{"symbolicName":"com.adobe.cq.media.cq-media-articles","version":"5.7.2","contentPackage":"cq-media-content-5.8.66","isInstalledByContentPackage":true,"exportedPackages":[{"name":"com.petebevin.markdown","version":"5.7.2"}]},{"symbolicName":"com.adobe.cq.cq-dam-index-builder","version":"1.0.14","contentPackage":"cq-dam-bundles-content-1.0.226","isInstalledByContentPackage":true,"exportedPackages":[{"name":"com.adobe.cq.dam.index.bootstrap","version":"1.0.14"},{"name":"com.adobe.cq.dam.index.builder","version":"1.1.0"},{"name":"com.adobe.cq.dam.index.builder.api","version":"1.0.14"},{"name":"com.adobe.cq.dam.index.helper","version":"1.0.14"}]},{"symbolicName":"com.day.cq.dam.cq-dam-video","version":"5.8.2","contentPackage":"cq-dam-bundles-content-1.0.226","isInstalledByContentPackage":true,"exportedPackages":[{"name":"com.day.cq.dam.handler.ffmpeg","version":"5.8.2"},{"name":"com.day.cq.dam.video","version":"5.8.2"},{"name":"com.day.cq.dam.video.servlet","version":"5.8.2"}]},{"symbolicName":"com.day.cq.cq-compat-codeupgrade","version":"1.4.42","contentPackage":"cq-compat-content-1.1.44","isInstalledByContentPackage":true,"exportedPackages":[{"name":"com.day.cq.compat.codeupgrade","version":"5.7"}]},{"symbolicName":"com.adobe.cq.social.cq-social-calendar","version":"1.2.19","contentPackage":"cq-socialcommunities-pkg-1.7.197","isInstalledByContentPackage":true,"exportedPackages":[{"name":"com.adobe.cq.social.calendar.client.api","version":"1.2.19"},{"name":"com.adobe.cq.social.calendar.client.endpoints","version":"1.2.19"}]},{"symbolicName":"com.day.cq.wcm.cq-wcm-mobile-core","version":"5.8.2","contentPackage":"cq-wcm-content-6.1.578","isInstalledByContentPackage":true,"exportedPackages":[{"name":"com.day.cq.wcm.mobile.core","version":"1.0"}]},{"symbolicName":"com.day.cq.wcm.cq-wcm-workflow","version":"5.8.16","contentPackage":"cq-wcm-content-6.1.578","isInstalledByContentPackage":true,"exportedPackages":[{"name":"com.day.cq.wcm.workflow.process","version":"5.9.0"}]},{"symbolicName":"com.adobe.cq.social.cq-social-forum","version":"1.4.52","contentPackage":"cq-socialcommunities-pkg-1.7.197","isInstalledByContentPackage":true,"exportedPackages":[{"name":"com.adobe.cq.social.forum.api","version":"1.4.52"},{"name":"com.adobe.cq.social.forum.client.api","version":"1.4.52"},{"name":"com.adobe.cq.social.forum.client.endpoints","version":"1.4.52"}]},{"symbolicName":"com.adobe.cq.social.cq-social-handlebars","version":"1.5.20","contentPackage":"cq-socialcommunities-pkg-1.7.197","isInstalledByContentPackage":true,"exportedPackages":[{"name":"com.adobe.cq.social.handlebars.api","version":"0.0.1"}]},{"symbolicName":"org.apache.sling.resourcemerger","version":"1.2.9.R1675563-B002","exportedPackages":[{"name":"org.apache.sling.resourcemerger.api","version":"1.2.0"},{"name":"org.apache.sling.resourcemerger.spi","version":"1.0.0"}]},{"symbolicName":"com.day.cq.wcm.cq-msm-api","version":"5.8.8","contentPackage":"cq-wcm-content-6.1.578","isInstalledByContentPackage":true,"exportedPackages":[{"name":"com.day.cq.wcm.msm.api","version":"5.8.0"}]},{"symbolicName":"com.day.cq.dam.cq-dam-pim","version":"0.1.12","contentPackage":"cq-dam-bundles-content-1.0.226","isInstalledByContentPackage":true,"exportedPackages":[{"name":"com.day.cq.dam.pim","version":"0.1.12"}]},{"symbolicName":"com.adobe.cq.cq-launches-api","version":"5.8.6","contentPackage":"cq-launches-content-1.4.2","isInstalledByContentPackage":true,"exportedPackages":[{"name":"com.adobe.cq.launches.api","version":"2.0"},{"name":"com.adobe.cq.launches.api.timeline","version":"1.0"}]},{"symbolicName":"com.day.cq.mcm.cq-mcm-exacttarget-integration","version":"1.2.8","contentPackage":"cq-mcm-content-1.1.182","isInstalledByContentPackage":true,"exportedPackages":[{"name":"com.day.cq.mcm.exacttarget","version":"1.1"}]},{"symbolicName":"com.adobe.cq.cq-dashboards","version":"5.8.4","contentPackage":"cq-dashboards-content-1.1.6","isInstalledByContentPackage":true,"exportedPackages":[{"name":"com.adobe.cq.dashboards","version":"1.0"}]},{"symbolicName":"com.day.cq.wcm.cq-wcm-taglib","version":"5.7.4","contentPackage":"cq-wcm-content-6.1.578","isInstalledByContentPackage":true,"exportedPackages":[{"name":"com.day.cq.wcm.tags","version":"5.7.0"}]},{"symbolicName":"com.adobe.granite.poi","version":"2.0.0","exportedPackages":[{"name":"org.apache.poi","version":"2.0.0"},{"name":"org.apache.poi.common.usermodel","version":"2.0.0"},{"name":"org.apache.poi.ddf","version":"2.0.0"},{"name":"org.apache.poi.dev","version":"2.0.0"},{"name":"org.apache.poi.extractor","version":"2.0.0"},{"name":"org.apache.poi.hdf.event","version":"2.0.0"},{"name":"org.apache.poi.hdf.extractor","version":"2.0.0"},{"name":"org.apache.poi.hdf.extractor.data","version":"2.0.0"},{"name":"org.apache.poi.hdf.extractor.util","version":"2.0.0"},{"name":"org.apache.poi.hdf.model","version":"2.0.0"},{"name":"org.apache.poi.hdf.model.hdftypes","version":"2.0.0"},{"name":"org.apache.poi.hdf.model.hdftypes.definitions","version":"2.0.0"},{"name":"org.apache.poi.hdf.model.util","version":"2.0.0"},{"name":"org.apache.poi.hdgf","version":"2.0.0"},{"name":"org.apache.poi.hdgf.chunks","version":"2.0.0"},{"name":"org.apache.poi.hdgf.dev","version":"2.0.0"},{"name":"org.apache.poi.hdgf.exceptions","version":"2.0.0"},{"name":"org.apache.poi.hdgf.extractor","version":"2.0.0"},{"name":"org.apache.poi.hdgf.pointers","version":"2.0.0"},{"name":"org.apache.poi.hdgf.streams","version":"2.0.0"},{"name":"org.apache.poi.hmef","version":"2.0.0"},{"name":"org.apache.poi.hmef.attribute","version":"2.0.0"},{"name":"org.apache.poi.hmef.dev","version":"2.0.0"},{"name":"org.apache.poi.hmef.extractor","version":"2.0.0"},{"name":"org.apache.poi.hpbf","version":"2.0.0"},{"name":"org.apache.poi.hpbf.dev","version":"2.0.0"},{"name":"org.apache.poi.hpbf.extractor","version":"2.0.0"},{"name":"org.apache.poi.hpbf.model","version":"2.0.0"},{"name":"org.apache.poi.hpbf.model.qcbits","version":"2.0.0"},{"name":"org.apache.poi.hpsf","version":"2.0.0"},{"name":"org.apache.poi.hpsf.extractor","version":"2.0.0"},{"name":"org.apache.poi.hpsf.wellknown","version":"2.0.0"},{"name":"org.apache.poi.hslf","version":"2.0.0"},{"name":"org.apache.poi.hslf.blip","version":"2.0.0"},{"name":"org.apache.poi.hslf.data","version":"2.0.0"},{"name":"org.apache.poi.hslf.dev","version":"2.0.0"},{"name":"org.apache.poi.hslf.exceptions","version":"2.0.0"},{"name":"org.apache.poi.hslf.extractor","version":"2.0.0"},{"name":"org.apache.poi.hslf.model","version":"2.0.0"},{"name":"org.apache.poi.hslf.model.textproperties","version":"2.0.0"},{"name":"org.apache.poi.hslf.record","version":"2.0.0"},{"name":"org.apache.poi.hslf.usermodel","version":"2.0.0"},{"name":"org.apache.poi.hslf.util","version":"2.0.0"},{"name":"org.apache.poi.hsmf","version":"2.0.0"},{"name":"org.apache.poi.hsmf.datatypes","version":"2.0.0"},{"name":"org.apache.poi.hsmf.dev","version":"2.0.0"},{"name":"org.apache.poi.hsmf.exceptions","version":"2.0.0"},{"name":"org.apache.poi.hsmf.extractor","version":"2.0.0"},{"name":"org.apache.poi.hsmf.parsers","version":"2.0.0"},{"name":"org.apache.poi.hssf","version":"2.0.0"},{"name":"org.apache.poi.hssf.converter","version":"2.0.0"},{"name":"org.apache.poi.hssf.dev","version":"2.0.0"},{"name":"org.apache.poi.hssf.eventmodel","version":"2.0.0"},{"name":"org.apache.poi.hssf.eventusermodel","version":"2.0.0"},{"name":"org.apache.poi.hssf.eventusermodel.dummyrecord","version":"2.0.0"},{"name":"org.apache.poi.hssf.extractor","version":"2.0.0"},{"name":"org.apache.poi.hssf.model","version":"2.0.0"},{"name":"org.apache.poi.hssf.record","version":"2.0.0"},{"name":"org.apache.poi.hssf.record.aggregates","version":"2.0.0"},{"name":"org.apache.poi.hssf.record.cf","version":"2.0.0"},{"name":"org.apache.poi.hssf.record.chart","version":"2.0.0"},{"name":"org.apache.poi.hssf.record.common","version":"2.0.0"},{"name":"org.apache.poi.hssf.record.cont","version":"2.0.0"},{"name":"org.apache.poi.hssf.record.crypto","version":"2.0.0"},{"name":"org.apache.poi.hssf.record.pivottable","version":"2.0.0"},{"name":"org.apache.poi.hssf.usermodel","version":"2.0.0"},{"name":"org.apache.poi.hssf.util","version":"2.0.0"},{"name":"org.apache.poi.hwpf","version":"2.0.0"},{"name":"org.apache.poi.hwpf.converter","version":"2.0.0"},{"name":"org.apache.poi.hwpf.dev","version":"2.0.0"},{"name":"org.apache.poi.hwpf.extractor","version":"2.0.0"},{"name":"org.apache.poi.hwpf.model","version":"2.0.0"},{"name":"org.apache.poi.hwpf.model.io","version":"2.0.0"},{"name":"org.apache.poi.hwpf.model.types","version":"2.0.0"},{"name":"org.apache.poi.hwpf.sprm","version":"2.0.0"},{"name":"org.apache.poi.hwpf.usermodel","version":"2.0.0"},{"name":"org.apache.poi.openxml4j.exceptions","version":"2.0.0"},{"name":"org.apache.poi.openxml4j.opc","version":"2.0.0"},{"name":"org.apache.poi.openxml4j.opc.internal","version":"2.0.0"},{"name":"org.apache.poi.openxml4j.opc.internal.marshallers","version":"2.0.0"},{"name":"org.apache.poi.openxml4j.opc.internal.signature","version":"2.0.0"},{"name":"org.apache.poi.openxml4j.opc.internal.unmarshallers","version":"2.0.0"},{"name":"org.apache.poi.openxml4j.opc.signature","version":"2.0.0"},{"name":"org.apache.poi.openxml4j.util","version":"2.0.0"},{"name":"org.apache.poi.poifs.common","version":"2.0.0"},{"name":"org.apache.poi.poifs.crypt","version":"2.0.0"},{"name":"org.apache.poi.poifs.crypt.agile","version":"2.0.0"},{"name":"org.apache.poi.poifs.crypt.standard","version":"2.0.0"},{"name":"org.apache.poi.poifs.dev","version":"2.0.0"},{"name":"org.apache.poi.poifs.eventfilesystem","version":"2.0.0"},{"name":"org.apache.poi.poifs.filesystem","version":"2.0.0"},{"name":"org.apache.poi.poifs.nio","version":"2.0.0"},{"name":"org.apache.poi.poifs.property","version":"2.0.0"},{"name":"org.apache.poi.poifs.storage","version":"2.0.0"},{"name":"org.apache.poi.sl.usermodel","version":"2.0.0"},{"name":"org.apache.poi.ss","version":"2.0.0"},{"name":"org.apache.poi.ss.extractor","version":"2.0.0"},{"name":"org.apache.poi.ss.format","version":"2.0.0"},{"name":"org.apache.poi.ss.formula","version":"2.0.0"},{"name":"org.apache.poi.ss.formula.atp","version":"2.0.0"},{"name":"org.apache.poi.ss.formula.constant","version":"2.0.0"},{"name":"org.apache.poi.ss.formula.eval","version":"2.0.0"},{"name":"org.apache.poi.ss.formula.eval.forked","version":"2.0.0"},{"name":"org.apache.poi.ss.formula.function","version":"2.0.0"},{"name":"org.apache.poi.ss.formula.functions","version":"2.0.0"},{"name":"org.apache.poi.ss.formula.ptg","version":"2.0.0"},{"name":"org.apache.poi.ss.formula.udf","version":"2.0.0"},{"name":"org.apache.poi.ss.usermodel","version":"2.0.0"},{"name":"org.apache.poi.ss.usermodel.charts","version":"2.0.0"},{"name":"org.apache.poi.ss.util","version":"2.0.0"},{"name":"org.apache.poi.ss.util.cellwalk","version":"2.0.0"},{"name":"org.apache.poi.util","version":"2.0.0"},{"name":"org.apache.poi.xslf","version":"2.0.0"},{"name":"org.apache.poi.xslf.extractor","version":"2.0.0"},{"name":"org.apache.poi.xslf.model","version":"2.0.0"},{"name":"org.apache.poi.xslf.model.geom","version":"2.0.0"},{"name":"org.apache.poi.xslf.usermodel","version":"2.0.0"},{"name":"org.apache.poi.xslf.util","version":"2.0.0"},{"name":"org.apache.poi.xssf.dev","version":"2.0.0"},{"name":"org.apache.poi.xssf.eventusermodel","version":"2.0.0"},{"name":"org.apache.poi.xssf.extractor","version":"2.0.0"},{"name":"org.apache.poi.xssf.model","version":"2.0.0"},{"name":"org.apache.poi.xssf.streaming","version":"2.0.0"},{"name":"org.apache.poi.xssf.usermodel","version":"2.0.0"},{"name":"org.apache.poi.xssf.usermodel.charts","version":"2.0.0"},{"name":"org.apache.poi.xssf.usermodel.extensions","version":"2.0.0"},{"name":"org.apache.poi.xssf.usermodel.helpers","version":"2.0.0"},{"name":"org.apache.poi.xssf.util","version":"2.0.0"},{"name":"org.apache.poi.xwpf.extractor","version":"2.0.0"},{"name":"org.apache.poi.xwpf.model","version":"2.0.0"},{"name":"org.apache.poi.xwpf.usermodel","version":"2.0.0"},{"name":"org.openxmlformats.schemas.officeDocument.x2006.customProperties","version":"2.0.0"},{"name":"org.openxmlformats.schemas.officeDocument.x2006.extendedProperties","version":"2.0.0"},{"name":"org.openxmlformats.schemas.presentationml.x2006.main","version":"2.0.0"},{"name":"org.openxmlformats.schemas.wordprocessingml.x2006.main","version":"2.0.0"},{"name":"org.openxmlformats.schemas.drawingml.x2006.main","version":"2.0.0"},{"name":"org.apache.xmlbeans","version":"2.0.0"},{"name":"org.apache.xmlbeans.impl.common","version":"2.0.0"},{"name":"org.apache.xmlbeans.impl.config","version":"2.0.0"},{"name":"org.apache.xmlbeans.impl.inst2xsd","version":"2.0.0"},{"name":"org.apache.xmlbeans.impl.inst2xsd.util","version":"2.0.0"},{"name":"org.apache.xmlbeans.impl.jam","version":"2.0.0"},{"name":"org.apache.xmlbeans.impl.jam.annotation","version":"2.0.0"},{"name":"org.apache.xmlbeans.impl.jam.internal","version":"2.0.0"},{"name":"org.apache.xmlbeans.impl.jam.internal.classrefs","version":"2.0.0"},{"name":"org.apache.xmlbeans.impl.jam.internal.elements","version":"2.0.0"},{"name":"org.apache.xmlbeans.impl.jam.internal.javadoc","version":"2.0.0"},{"name":"org.apache.xmlbeans.impl.jam.internal.parser","version":"2.0.0"},{"name":"org.apache.xmlbeans.impl.jam.internal.reflect","version":"2.0.0"},{"name":"org.apache.xmlbeans.impl.jam.mutable","version":"2.0.0"},{"name":"org.apache.xmlbeans.impl.jam.provider","version":"2.0.0"},{"name":"org.apache.xmlbeans.impl.jam.visitor","version":"2.0.0"},{"name":"org.apache.xmlbeans.impl.jam.xml","version":"2.0.0"},{"name":"org.apache.xmlbeans.impl.piccolo.io","version":"2.0.0"},{"name":"org.apache.xmlbeans.impl.piccolo.util","version":"2.0.0"},{"name":"org.apache.xmlbeans.impl.piccolo.xml","version":"2.0.0"},{"name":"org.apache.xmlbeans.impl.regex","version":"2.0.0"},{"name":"org.apache.xmlbeans.impl.richParser","version":"2.0.0"},{"name":"org.apache.xmlbeans.impl.schema","version":"2.0.0"},{"name":"org.apache.xmlbeans.impl.soap","version":"2.0.0"},{"name":"org.apache.xmlbeans.impl.store","version":"2.0.0"},{"name":"org.apache.xmlbeans.impl.tool","version":"2.0.0"},{"name":"org.apache.xmlbeans.impl.util","version":"2.0.0"},{"name":"org.apache.xmlbeans.impl.validator","version":"2.0.0"},{"name":"org.apache.xmlbeans.impl.values","version":"2.0.0"},{"name":"org.apache.xmlbeans.impl.xb.ltgfmt","version":"2.0.0"},{"name":"org.apache.xmlbeans.impl.xb.ltgfmt.impl","version":"2.0.0"},{"name":"org.apache.xmlbeans.impl.xb.substwsdl","version":"2.0.0"},{"name":"org.apache.xmlbeans.impl.xb.substwsdl.impl","version":"2.0.0"},{"name":"org.apache.xmlbeans.impl.xb.xmlconfig","version":"2.0.0"},{"name":"org.apache.xmlbeans.impl.xb.xmlconfig.impl","version":"2.0.0"},{"name":"org.apache.xmlbeans.impl.xb.xmlschema","version":"2.0.0"},{"name":"org.apache.xmlbeans.impl.xb.xmlschema.impl","version":"2.0.0"},{"name":"org.apache.xmlbeans.impl.xb.xsdownload","version":"2.0.0"},{"name":"org.apache.xmlbeans.impl.xb.xsdownload.impl","version":"2.0.0"},{"name":"org.apache.xmlbeans.impl.xb.xsdschema","version":"2.0.0"},{"name":"org.apache.xmlbeans.impl.xb.xsdschema.impl","version":"2.0.0"},{"name":"org.apache.xmlbeans.impl.xsd2inst","version":"2.0.0"},{"name":"org.apache.xmlbeans.soap","version":"2.0.0"},{"name":"org.apache.xmlbeans.xml.stream","version":"2.0.0"},{"name":"org.apache.xmlbeans.xml.stream.events","version":"2.0.0"},{"name":"org.apache.xmlbeans.xml.stream.utils","version":"2.0.0"}]},{"symbolicName":"org.apache.sling.scripting.sightly","version":"1.0.2","exportedPackages":[{"name":"org.apache.sling.scripting.sightly.extension","version":"1.0.0"},{"name":"org.apache.sling.scripting.sightly","version":"1.0.0"},{"name":"org.apache.sling.scripting.sightly.pojo","version":"1.0.0"},{"name":"org.apache.sling.scripting.sightly.render","version":"1.0.0"},{"name":"org.apache.sling.scripting.sightly.use","version":"1.0.0"}]},{"symbolicName":"com.day.cq.mcm.cq-mcm-campaign","version":"1.0.18","contentPackage":"cq-mcm-content-1.1.182","isInstalledByContentPackage":true,"exportedPackages":[{"name":"com.day.cq.mcm.campaign","version":"1.0.0"},{"name":"com.day.cq.mcm.campaign.importer","version":"1.0.0"},{"name":"com.day.cq.mcm.campaign.profile","version":"1.0.0"},{"name":"com.adobe.cq.mcm.campaign","version":"1.0.0"},{"name":"com.adobe.cq.mcm.campaign.profile","version":"1.0.0"}]},{"symbolicName":"org.apache.sling.i18n","version":"2.4.0","exportedPackages":[{"name":"org.apache.sling.i18n","version":"2.2.0"}]},{"symbolicName":"com.day.cq.cq-replication","version":"5.17.18.CQ610-B0004","exportedPackages":[{"name":"com.day.cq.replication","version":"5.17.0"}]},{"symbolicName":"org.apache.sling.scripting.sightly.js.provider","version":"1.0.4"},{"symbolicName":"com.day.cq.cq-analytics","version":"5.8.186","contentPackage":"cq-cloudservices-content-1.1.504","isInstalledByContentPackage":true,"exportedPackages":[{"name":"com.day.cq.analytics","version":"5.7.0"},{"name":"com.day.cq.analytics.sitecatalyst","version":"5.11.0"},{"name":"com.day.cq.analytics.sitecatalyst.common","version":"5.7.0"},{"name":"com.day.cq.analytics.sitecatalyst.datainsertion","version":"5.7.0"},{"name":"com.day.cq.analytics.sitecatalyst.rsmerger","version":"5.7.0"},{"name":"com.day.cq.analytics.sitecatalyst.util","version":"5.7.0"},{"name":"com.day.cq.analytics.testandtarget","version":"5.13.0"},{"name":"com.day.cq.analytics.testandtarget.util","version":"5.9.0"}]},{"symbolicName":"com.adobe.granite.ui.clientlibs","version":"1.0.14.CQ610-B0001","exportedPackages":[{"name":"com.adobe.granite.ui.clientlibs","version":"1.0.1"},{"name":"com.adobe.granite.ui.clientlibs.script","version":"1.0.0"}]},{"symbolicName":"com.adobe.granite.workflow.console","version":"1.0.18.CQ610-B0002"},{"symbolicName":"com.day.cq.wcm.cq-wcm-mobile-api","version":"5.7.2","contentPackage":"cq-wcm-content-6.1.578","isInstalledByContentPackage":true,"exportedPackages":[{"name":"com.day.cq.wcm.mobile.api","version":"1.0"},{"name":"com.day.cq.wcm.mobile.api.device","version":"1.0"},{"name":"com.day.cq.wcm.mobile.api.device.capability","version":"1.0"},{"name":"com.day.cq.wcm.mobile.api.devicespecs","version":"1.0"}]},{"symbolicName":"com.adobe.xmp.worker.files.native.fragment.solaris-sparc","version":"1.0.4","contentPackage":"cq-dam-libs-content-1.0.8","isInstalledByContentPackage":true},{"symbolicName":"com.adobe.cq.social.cq-social-translation","version":"1.1.38","contentPackage":"cq-socialcommunities-pkg-1.7.197","isInstalledByContentPackage":true,"exportedPackages":[{"name":"com.adobe.cq.social.translation","version":"1.1.38"}]},{"symbolicName":"com.day.cq.cq-connector","version":"5.4.0","contentPackage":"cq-connector-content-1.0.0","isInstalledByContentPackage":true,"exportedPackages":[{"name":"com.day.cq.connector","version":"0.0.0"}]},{"symbolicName":"com.adobe.cq.cq-creativecloud-cloudims","version":"0.0.10","contentPackage":"cq-creativecloud-content-0.0.18","isInstalledByContentPackage":true,"exportedPackages":[{"name":"com.adobe.cq.creativecloud.cloudims","version":"0.1"}]},{"symbolicName":"com.adobe.xmp.worker.files.native.fragment.linux","version":"1.0.4","contentPackage":"cq-dam-libs-content-1.0.8","isInstalledByContentPackage":true},{"symbolicName":"com.adobe.cq.cq-experiencelog","version":"1.0.8","contentPackage":"cq-experiencelog-content-1.0.10","isInstalledByContentPackage":true},{"symbolicName":"com.day.cq.wcm.cq-wcm-resource-details","version":"0.1.2","contentPackage":"cq-wcm-content-6.1.578","isInstalledByContentPackage":true,"exportedPackages":[{"name":"com.day.cq.wcm.resource.details","version":"0.1.2"}]},{"symbolicName":"com.adobe.granite.osgi.wrapper.guava","version":"15.0.0.0002","exportedPackages":[{"name":"com.google.common.annotations","version":"15.0.0"},{"name":"com.google.common.base","version":"15.0.0"},{"name":"com.google.common.cache","version":"15.0.0"},{"name":"com.google.common.collect","version":"15.0.0"},{"name":"com.google.common.escape","version":"15.0.0"},{"name":"com.google.common.eventbus","version":"15.0.0"},{"name":"com.google.common.hash","version":"15.0.0"},{"name":"com.google.common.html","version":"15.0.0"},{"name":"com.google.common.io","version":"15.0.0"},{"name":"com.google.common.math","version":"15.0.0"},{"name":"com.google.common.net","version":"15.0.0"},{"name":"com.google.common.primitives","version":"15.0.0"},{"name":"com.google.common.reflect","version":"15.0.0"},{"name":"com.google.common.util.concurrent","version":"15.0.0"},{"name":"com.google.common.xml","version":"15.0.0"}],"runModes":["crx3"]},{"symbolicName":"com.day.cq.dam.cq-dam-commons","version":"5.8.88","contentPackage":"cq-dam-bundles-content-1.0.226","isInstalledByContentPackage":true,"exportedPackages":[{"name":"com.day.cq.dam.commons.handler","version":"1.1"},{"name":"com.day.cq.dam.commons.metadata","version":"1.1"},{"name":"com.day.cq.dam.commons.process","version":"1.1"},{"name":"com.day.cq.dam.commons.proxy","version":"2.0.0"},{"name":"com.day.cq.dam.commons.rating","version":"6.0.0"},{"name":"com.day.cq.dam.commons.thumbnail","version":"1.1.1"},{"name":"com.day.cq.dam.commons.thumbnail.provider","version":"1.1"},{"name":"com.day.cq.dam.commons.ui.editor.metadata","version":"1.0"},{"name":"com.day.cq.dam.commons.util","version":"1.8"},{"name":"com.day.cq.dam.commons.watermark","version":"1.1"}]},{"symbolicName":"com.adobe.cq.social.cq-social-moderation","version":"1.3.43","contentPackage":"cq-socialcommunities-pkg-1.7.197","isInstalledByContentPackage":true,"exportedPackages":[{"name":"com.adobe.cq.social.moderation.dashboard.api","version":"1.3.43"}]},{"symbolicName":"com.adobe.cq.social.cq-social-srp-api","version":"1.0.4","contentPackage":"cq-socialcommunities-pkg-1.7.197","isInstalledByContentPackage":true,"exportedPackages":[{"name":"com.adobe.cq.social.srp","version":"1.0"},{"name":"com.adobe.cq.social.srp.config","version":"1.0.4"},{"name":"com.adobe.cq.social","version":"1.0.4"}]},{"symbolicName":"com.adobe.cq.social.cq-social-scf-impl","version":"1.0.13","contentPackage":"cq-socialcommunities-pkg-1.7.197","isInstalledByContentPackage":true},{"symbolicName":"com.day.cq.dam.cq-dam-indesign","version":"5.8.24","contentPackage":"cq-dam-bundles-content-1.0.226","isInstalledByContentPackage":true,"exportedPackages":[{"name":"com.day.cq.dam.indd","version":"1.1"}]},{"symbolicName":"com.adobe.cq.cq-gfx","version":"1.0.0","contentPackage":"cq-dam-bundles-content-1.0.226","isInstalledByContentPackage":true,"exportedPackages":[{"name":"com.adobe.cq.gfx","version":"1.0"}]},{"symbolicName":"com.adobe.granite.queries","version":"1.0.10.CQ610-B0002"},{"symbolicName":"com.adobe.cq.social.cq-social-console","version":"1.0.144","contentPackage":"cq-socialcommunities-pkg-1.7.197","isInstalledByContentPackage":true,"exportedPackages":[{"name":"com.adobe.cq.social.tenant.api","version":"1.0.144"},{"name":"com.adobe.cq.social.tenant.endpoints","version":"1.0.144"},{"name":"com.adobe.cq.social.theme.api","version":"1.0.144"},{"name":"com.adobe.cq.social.blueprint.api","version":"1.0.144"},{"name":"com.adobe.cq.social.blueprint.endpoints","version":"1.0.144"},{"name":"com.adobe.cq.social.site.api","version":"1.0.144"},{"name":"com.adobe.cq.social.site.endpoints","version":"1.0.144"},{"name":"com.adobe.cq.social.user.api","version":"1.0.144"},{"name":"com.adobe.cq.social.user.endpoints","version":"1.0.144"},{"name":"com.adobe.cq.social.communityfunctions.api","version":"1.0.144"},{"name":"com.adobe.cq.social.console.utils.api","version":"1.0.144"},{"name":"com.adobe.cq.social.templates.api","version":"1.0.144"},{"name":"com.adobe.cq.social.translation.api","version":"1.0.144"},{"name":"com.adobe.cq.social.sociallogin.api","version":"1.0.144"}]},{"symbolicName":"com.day.cq.dam.cq-dam-scene7","version":"5.8.26","contentPackage":"cq-dam-bundles-content-1.0.226","isInstalledByContentPackage":true,"exportedPackages":[{"name":"com.day.cq.dam.scene7.api.constants","version":"1.3.1"},{"name":"com.day.cq.dam.scene7.api.importer","version":"1.2"},{"name":"com.day.cq.dam.scene7.api.model","version":"2.0"},{"name":"com.day.cq.dam.scene7.api.net","version":"1.2"},{"name":"com.day.cq.dam.scene7.api","version":"5.0"},{"name":"com.day.cq.dam.scene7","version":"2.0"}]},{"symbolicName":"com.adobe.cq.cq-dms-tagmanager","version":"5.8.4","contentPackage":"cq-cloudservices-content-1.1.504","isInstalledByContentPackage":true,"exportedPackages":[{"name":"com.adobe.cq.dms.tagmanager","version":"1.1"}]},{"symbolicName":"com.adobe.granite.crxde-lite","version":"1.0.88.CQ610-B0001"},{"symbolicName":"com.adobe.cq.sightly.cq-wcm-sightly-extension","version":"1.2.30","contentPackage":"cq-wcm-content-6.1.578","isInstalledByContentPackage":true,"exportedPackages":[{"name":"com.adobe.cq.sightly","version":"2.3.0"}]},{"symbolicName":"com.adobe.cq.mobile.cq-mobile-ui","version":"6.1.6","contentPackage":"cq-mobile-phonegap-content-6.1.52","isInstalledByContentPackage":true,"exportedPackages":[{"name":"com.adobe.cq.mobile.ui","version":"1.0.0"}]},{"symbolicName":"com.adobe.granite.distribution.core","version":"0.1.2.CQ610-B0002"},{"symbolicName":"com.adobe.granite.comments","version":"1.0.16","exportedPackages":[{"name":"com.adobe.granite.comments","version":"2.1.2"}]},{"symbolicName":"com.adobe.forms.common.adobe-xfaforms-common","version":"4.1.20","contentPackage":"cq-adaptiveforms-content-2.1.34","isInstalledByContentPackage":true,"exportedPackages":[{"name":"com.adobe.forms.common.service","version":"4.1.20"},{"name":"com.adobe.forms.common.utils","version":"4.1.20"},{"name":"com.adobe.forms.common.submitutils","version":"4.1.20"},{"name":"com.adobe.forms.common.servlet","version":"4.1.20"}]},{"symbolicName":"com.day.cq.wcm.cq-wcm-workflow-api","version":"5.7.2","contentPackage":"cq-wcm-content-6.1.578","isInstalledByContentPackage":true,"exportedPackages":[{"name":"com.day.cq.wcm.workflow.api","version":"1.0"}]},{"symbolicName":"com.adobe.livecycle.formsportal-bundle","version":"4.1.26","contentPackage":"cq-adaptiveforms-content-2.1.34","isInstalledByContentPackage":true,"exportedPackages":[{"name":"com.adobe.fd.fp.external","version":"4.1.26"},{"name":"com.adobe.fd.fp.common","version":"4.1.26"},{"name":"com.adobe.fd.fp.service.impl","version":"4.1.26"},{"name":"com.adobe.fd.fp.service","version":"4.1.26"},{"name":"com.adobe.fd.fp.exception","version":"4.1.26"},{"name":"com.adobe.fd.fp.util","version":"4.1.26"},{"name":"com.adobe.fd.fp.config","version":"4.1.26"}]},{"symbolicName":"com.day.cq.mcm.cq-mcm-core","version":"5.9.10","contentPackage":"cq-mcm-content-1.1.182","isInstalledByContentPackage":true,"exportedPackages":[{"name":"com.day.cq.mcm.core","version":"5.8"},{"name":"com.day.cq.mcm.api","version":"5.8"},{"name":"com.day.cq.mcm.api.newsletter","version":"5.8"}]},{"symbolicName":"org.apache.commons.compress","version":"1.5.0","exportedPackages":[{"name":"org.apache.commons.compress.compressors.pack200","version":"1.5"},{"name":"org.apache.commons.compress.changes","version":"1.5"},{"name":"org.apache.commons.compress.archivers.ar","version":"1.5"},{"name":"org.apache.commons.compress.archivers.jar","version":"1.5"},{"name":"org.apache.commons.compress.archivers.cpio","version":"1.5"},{"name":"org.apache.commons.compress.archivers","version":"1.5"},{"name":"org.apache.commons.compress.archivers.tar","version":"1.5"},{"name":"org.apache.commons.compress.archivers.zip","version":"1.5"},{"name":"org.apache.commons.compress.archivers.dump","version":"1.5"},{"name":"org.apache.commons.compress.compressors.bzip2","version":"1.5"},{"name":"org.apache.commons.compress.compressors","version":"1.5"},{"name":"org.apache.commons.compress.compressors.xz","version":"1.5"},{"name":"org.apache.commons.compress.utils","version":"1.5"},{"name":"org.apache.commons.compress.compressors.gzip","version":"1.5"}]},{"symbolicName":"com.adobe.cq.cq-dam-mac-sync","version":"1.1.6","contentPackage":"cq-dam-mac-sync-pkg-1.1.18","isInstalledByContentPackage":true,"exportedPackages":[{"name":"com.adobe.cq.dam.mac.sync.api","version":"1.0.0"}]},{"symbolicName":"com.day.cq.mcm.cq-mcm-salesforce","version":"1.2.8","contentPackage":"cq-mcm-content-1.1.182","isInstalledByContentPackage":true,"exportedPackages":[{"name":"com.adobe.cq.mcm.salesforce","version":"1.2"}]},{"symbolicName":"com.adobe.cq.cq-targetrecommendations","version":"1.0.40","contentPackage":"cq-cloudservices-content-1.1.504","isInstalledByContentPackage":true,"exportedPackages":[{"name":"com.adobe.cq.targetrecommendations.api.model","version":"1.0.0"},{"name":"com.adobe.cq.targetrecommendations.api","version":"1.1.0"}]}],"uninstalledBundles":[{"symbolicName":"com.google.guava","version":"15.0.0"},{"symbolicName":"com.adobe.ep.granite.com.adobe.granite.fragment.xml"},{"symbolicName":"com.adobe.aes.aesop.com.adobe.aes.aesop.j2ee"},{"symbolicName":"com.day.crx.sling.api.fragment"},{"symbolicName":"com.day.crx.sling.com.day.crx.sling.base"},{"symbolicName":"com.day.crx.sling.com.day.crx.sling.client"},{"symbolicName":"com.adobe.granite.extensions.webconsolebranding"},{"symbolicName":"javax.jcr"},{"symbolicName":"com.adobe.granite.fragment.xml"},{"symbolicName":"com.day.commons.osgi.wrapper.mail"},{"symbolicName":"org.apache.sling.fragment.activation"},{"symbolicName":"org.apache.sling.installer.api"},{"symbolicName":"org.apache.sling.hc.jmx"},{"symbolicName":"com.day.cq.cq-shindig"},{"symbolicName":"org.apache.sling.runmode"},{"symbolicName":"org.apache.sling.portal.container"},{"symbolicName":"org.apache.sling.portal.container.fragment"},{"symbolicName":"org.apache.sling.osgi.installer","version":"[0,4]"},{"symbolicName":"org.apache.sling.jcr.jcrinstall","version":"[0,4]"},{"symbolicName":"org.apache.sling.commons.auth"},{"symbolicName":"org.apache.felix.dependencymanager","version":"[0,1.2]"},{"symbolicName":"org.apache.felix.deploymentadmin","version":"[0,1]"},{"symbolicName":"org.apache.sling.jcr.jackrabbit.api","version":"[0,2.1]"},{"symbolicName":"org.apache.jackrabbit.jackrabbit-jcr-commons","version":"[0,2)"},{"symbolicName":"org.apache.sling.scripting.java","version":"[2.0.0,2.0.1)"},{"symbolicName":"com.day.crx.sling.com.day.crx.sling.api","version":"[0,2)"},{"symbolicName":"org.apache.sling.osgi.startlevelmanager","version":"[0,0.2)"},{"symbolicName":"com.day.commons.osgi.wrapper.commons-codec","version":"[0,2.0)"},{"symbolicName":"com.day.commons.day.commons.datasource.poolservice","version":"1.0.0"},{"symbolicName":"com.day.commons.day.commons.datasource.jdbcpool","version":"1.0.2"},{"symbolicName":"com.day.commons.day-commons-jstl","version":"1.1.2"},{"symbolicName":"com.day.cq.cq-cqde","version":"5.2.4"},{"symbolicName":"com.day.cq.cq-packaging"},{"symbolicName":"org.apache.felix.webconsole.plugins.event","version":"1.0.2"},{"symbolicName":"org.apache.sling.jcr.classloader"},{"symbolicName":"com.day.jcr.vault"},{"symbolicName":"com.day.jcr.vault.com.day.jcr.vault","version":"[0,2.5.10)"},{"symbolicName":"com.day.crx.sling.server"},{"symbolicName":"org.apache.felix.org.apache.felix.http.sslfilter"}],"bundleCount":192,"uninstalledBundleCount":39}