<?xml version="1.0" encoding="UTF-8"?>
<jcr:root xmlns:sling="http://sling.apache.org/jcr/sling/1.0" xmlns:jcr="http://www.jcp.org/jcr/1.0" xmlns:mix="http://www.jcp.org/jcr/mix/1.0" xmlns:rep="internal"
    jcr:mixinTypes="[mix:lockable,rep:AccessControllable,sling:Redirect]"
    jcr:primaryType="sling:OrderedFolder"
    sling:resourceType="sling:redirect"
    sling:target="/geohome">
    <component-lister/>
    <app-content/>
    <catalogs/>
    <campaigns/>
    <dam/>
    <launches/>
    <usergenerated/>
    <rep:policy/>
    <mac/>
    <geometrixx/>
    <geometrixx_mobile/>
    <geometrixx-media/>
    <publications/>
    <geometrixx-outdoors/>
    <geometrixx-outdoors-mobile/>
    <skytrain/>
</jcr:root>
