<?xml version="1.0" encoding="UTF-8"?>
<jcr:root xmlns:sling="http://sling.apache.org/jcr/sling/1.0" xmlns:cq="http://www.day.com/jcr/cq/1.0" xmlns:jcr="http://www.jcp.org/jcr/1.0" xmlns:mix="http://www.jcp.org/jcr/mix/1.0"
    jcr:primaryType="cq:Page">
    <jcr:content
        cq:catalogBlueprint="/content/catalogs/geometrixx-outdoors/en/base-catalog/women"
        cq:commerceType="section"
        cq:lastModified="{Date}2013-06-11T14:06:51.426+01:00"
        cq:lastModifiedBy="admin"
        cq:lastReplicated="{Date}2015-03-03T12:44:07.273-08:00"
        cq:lastReplicatedBy="admin"
        cq:lastReplicationAction="Activate"
        cq:template="/apps/geometrixx-outdoors/templates/page_sidebar"
        jcr:isCheckedOut="{Boolean}true"
        jcr:mixinTypes="[cq:LiveSync,cq:metaMixin,mix:versionable]"
        jcr:primaryType="cq:PageContent"
        jcr:title="Women's"
        jcr:uuid="e3a2b4ee-593e-47c2-a1b3-126ddedbb54d"
        sling:resourceType="geometrixx-outdoors/components/page_sidebar">
        <par/>
        <sidebar/>
        <cq:LiveSyncConfig/>
        <cq:meta jcr:primaryType="cq:meta">
            <last30Days
                jcr:primaryType="cq:meta"
                analytics_averagetimespentonpage="{Double}0.8"
                analytics_pageviews="{Long}1839461"
                analytics_revenue="{Long}19528911"
                analytics_visitors="{Long}952798"/>
        </cq:meta>
    </jcr:content>
    <coats/>
    <pants/>
    <shirts/>
    <shorts/>
</jcr:root>
