<?xml version="1.0" encoding="UTF-8"?>
<jcr:root xmlns:sling="http://sling.apache.org/jcr/sling/1.0" xmlns:cq="http://www.day.com/jcr/cq/1.0" xmlns:jcr="http://www.jcp.org/jcr/1.0" xmlns:mix="http://www.jcp.org/jcr/mix/1.0"
    jcr:primaryType="cq:Page">
    <jcr:content
        cq:catalogBlueprint="/content/catalogs/geometrixx-outdoors/en/base-catalog/seasonal"
        cq:commerceType="section"
        cq:lastModified="{Date}2014-02-21T10:51:42.738-05:00"
        cq:lastModifiedBy="admin"
        cq:lastReplicated="{Date}2015-03-03T12:44:07.873-08:00"
        cq:lastReplicatedBy="admin"
        cq:lastReplicationAction="Activate"
        cq:propertyInheritanceCancelled="[hideInNav]"
        cq:template="/apps/geometrixx-outdoors/templates/page_sidebar"
        jcr:isCheckedOut="{Boolean}true"
        jcr:mixinTypes="[cq:LiveSync,cq:PropertyLiveSyncCancelled,mix:versionable]"
        jcr:primaryType="cq:PageContent"
        jcr:title="Seasonal"
        jcr:uuid="e216a364-c9df-4caa-88f7-f00677824b74"
        sling:resourceType="geometrixx-outdoors/components/page_sidebar"
        hideInNav="true">
        <par/>
        <sidebar/>
        <cq:LiveSyncConfig/>
        <image/>
        <cq:meta jcr:primaryType="cq:meta">
            <last30Days
                jcr:primaryType="cq:meta"
                analytics_averagetimespentonpage="{Double}0.45"
                analytics_pageviews="{Long}1054310"
                analytics_revenue="{Long}12548631"
                analytics_visitors="{Long}411630"/>
            <last90Days
                jcr:primaryType="cq:meta"
                analytics_averagetimespentonpage="{Double}0.4"
                analytics_pageviews="{Long}9"
                analytics_visitors="{Long}3"/>
            <thisYear
                jcr:primaryType="cq:meta"
                analytics_averagetimespentonpage="{Double}0.4"
                analytics_pageviews="{Long}9"
                analytics_visitors="{Long}3"/>
        </cq:meta>
    </jcr:content>
    <summer/>
    <winter/>
</jcr:root>
