<?xml version="1.0" encoding="UTF-8"?>
<jcr:root xmlns:sling="http://sling.apache.org/jcr/sling/1.0" xmlns:jcr="http://www.jcp.org/jcr/1.0"
    jcr:mimeType="application/octet-stream"
    jcr:primaryType="sling:OrderedFolder"
    jcr:title="Geometrixx Outdoors">
    <activities/>
    <brand/>
    <jcr:content/>
    <articles/>
    <banners/>
    <banners_mobile/>
    <colors/>
    <ETNewsletter/>
    <geometrixx-outdoors/>
    <logo.png/>
    <products/>
    <social/>
    <app/>
    <cards/>
</jcr:root>
