<?xml version="1.0" encoding="UTF-8"?>
<jcr:root xmlns:oak="http://jackrabbit.apache.org/oak/ns/1.0" xmlns:dam="http://www.day.com/dam/1.0" xmlns:jcr="http://www.jcp.org/jcr/1.0" xmlns:nt="http://www.jcp.org/jcr/nt/1.0" xmlns:rep="internal"
    jcr:mixinTypes="[rep:AccessControllable]"
    jcr:primaryType="nt:unstructured">
    <socialLucene/>
    <cqCloudServiceConfig/>
    <cqMaster/>
    <workflowDataLucene/>
    <slingeventJob/>
    <jcrLanguage/>
    <event.job.topic/>
    <extensionType/>
    <slingeventEventId/>
    <containeeInstanceId/>
    <active/>
    <cqMobileAppLucene/>
    <cqIsCommunitySite/>
    <processingProfile/>
    <counter/>
    <cqDefaultFormFor/>
    <slingResourceSuperType/>
    <cqLastReplicationAction/>
    <cqCugEnabled/>
    <damScene7ID/>
    <cqAcUUID/>
    <campaignpath/>
    <eclink/>
    <subType/>
    <damS7watch/>
    <cqProjectLucene/>
    <afTemplateVersion/>
    <acPrincipalName/>
    <fpContentType/>
    <cqVariantFamily/>
    <profiles/>
    <uuid/>
    <slingVanityPath/>
    <jcrLockOwner/>
    <damAssetLucene
        jcr:primaryType="oak:QueryIndexDefinition"
        async="async"
        compatVersion="{Long}2"
        evaluatePathRestrictions="{Boolean}true"
        reindex="{Boolean}false"
        reindexCount="{Long}1"
        type="lucene">
        <indexRules jcr:primaryType="nt:unstructured">
            <dam:Asset jcr:primaryType="nt:unstructured">
                <properties jcr:primaryType="nt:unstructured">
                    <cqTags/>
                    <dcFormat/>
                    <damStatus/>
                    <videoCodec/>
                    <audioCodec/>
                    <dcTitle/>
                    <dcDescription/>
                    <xmpMMInstanceId/>
                    <xmpMMDocumentId/>
                    <damSha1/>
                    <hasValidMetadata/>
                    <videoBitrate/>
                    <audioBitRate/>
                    <usedBy/>
                    <jcrLastModified/>
                    <expirationDate/>
                    <onTime/>
                    <offTime/>
                    <damSize/>
                    <averageRating/>
                    <tiffImageWidth/>
                    <tiffImageLength/>
                    <score/>
                    <simsearchVersion
                        jcr:primaryType="nt:unstructured"
                        name="jcr:content/metadata/simsearchVersion"
                        nullCheckEnabled="{Boolean}true"
                        propertyIndex="{Boolean}true"/>
                    <predictedTags
                        jcr:primaryType="nt:unstructured"
                        index="{Boolean}true"
                        name="jcr:content/metadata/predictedTags/*/name"
                        propertyIndex="{Boolean}false"/>
                </properties>
            </dam:Asset>
        </indexRules>
    </damAssetLucene>
    <deviceIdentificationMode/>
    <refExpired/>
    <rep:policy/>
    <status/>
    <cqCloudServiceConfigs/>
    <slingResources/>
    <cqPayloadPath/>
    <type/>
    <contentPath/>
    <ecuuid/>
    <jcrFrozenMixinTypes/>
    <cqOwnerCanvasPage/>
    <slingResource/>
    <nodetype/>
    <cqTemplate/>
    <users/>
    <ntBaseLucene/>
    <verb/>
    <reference/>
    <groups/>
    <cqParentPath/>
    <lockCreated/>
    <principalName/>
    <cqTagLucene/>
    <lucene/>
    <guideComponentType/>
    <slingAlias/>
    <damResolvedPath/>
    <authorizableId/>
    <cqPageLucene/>
    <slingResourceType/>
    <cqKeywords/>
    <damStatus/>
</jcr:root>
