<?xml version="1.0" encoding="UTF-8"?>
<jcr:root xmlns:sling="http://sling.apache.org/jcr/sling/1.0" xmlns:cq="http://www.day.com/jcr/cq/1.0" xmlns:jcr="http://www.jcp.org/jcr/1.0" xmlns:mix="http://www.jcp.org/jcr/mix/1.0"
    jcr:primaryType="cq:Page">
    <jcr:content
        cq:lastModified="{Date}2014-02-19T12:17:07.629-05:00"
        cq:lastModifiedBy="admin"
        cq:lastReplicated="{Date}2015-03-03T12:44:08.880-08:00"
        cq:lastReplicatedBy="admin"
        cq:lastReplicationAction="Activate"
        cq:template="/apps/geometrixx-outdoors/templates/content_page_without_sidebar_and_breadcrumb"
        jcr:isCheckedOut="{Boolean}true"
        jcr:mixinTypes="[mix:versionable]"
        jcr:primaryType="cq:PageContent"
        jcr:title="Brand"
        jcr:uuid="9a51625d-33ea-4de6-9627-ef7da9301851"
        sling:resourceType="geometrixx-outdoors/components/content_page_without_sidebar_and_breadcrumb"
        redirectTarget="/content/geometrixx-outdoors/en/brand/our-value">
        <image/>
        <cq:meta jcr:primaryType="cq:meta">
            <last30Days
                jcr:primaryType="cq:meta"
                analytics_averagetimespentonpage="{Double}0.2"
                analytics_pageviews="{Long}215565"
                analytics_revenue="{Long}247619"
                analytics_visitors="{Long}63568"/>
            <last90Days
                jcr:primaryType="cq:meta"
                analytics_averagetimespentonpage="{Double}0.1"
                analytics_pageviews="{Long}1"
                analytics_visitors="{Long}1"/>
            <last90DaysPrev
                jcr:primaryType="cq:meta"
                analytics_averagetimespentonpage="{Long}0"
                analytics_pageviews="{Long}1"
                analytics_visitors="{Long}1"/>
            <lastYear
                jcr:primaryType="cq:meta"
                analytics_averagetimespentonpage="{Double}0.1"
                analytics_pageviews="{Long}2"
                analytics_visitors="{Long}1"/>
        </cq:meta>
    </jcr:content>
    <our-value/>
    <the-team/>
    <meet-our-ambassadors/>
    <unlimited-blog/>
</jcr:root>
