<?xml version="1.0" encoding="UTF-8"?>
<jcr:root xmlns:cq="http://www.day.com/jcr/cq/1.0" xmlns:jcr="http://www.jcp.org/jcr/1.0"
    jcr:primaryType="cq:Page">
    <jcr:content/>
    <activitystreams/>
    <calendar/>
    <comments/>
    <communitygroupmemberlist/>
    <filelibrary/>
    <followers/>
    <followings/>
    <follows/>
    <forum/>
    <journal/>
    <messaging/>
    <moderation/>
    <qna/>
    <rating/>
    <reviews/>
    <search/>
    <userdetails/>
    <userprofile/>
    <voting/>
    <livefyremediawall/>
    <livefyrecomments/>
</jcr:root>
