<?xml version="1.0" encoding="UTF-8"?>
<jcr:root xmlns:sling="http://sling.apache.org/jcr/sling/1.0" xmlns:cq="http://www.day.com/jcr/cq/1.0" xmlns:jcr="http://www.jcp.org/jcr/1.0" xmlns:mix="http://www.jcp.org/jcr/mix/1.0"
    jcr:primaryType="cq:Page">
    <jcr:content
        cq:catalogBlueprint="/content/catalogs/geometrixx-outdoors/en/base-catalog/men"
        cq:commerceType="section"
        cq:lastModified="{Date}2013-06-11T14:06:50.197+01:00"
        cq:lastModifiedBy="admin"
        cq:lastReplicated="{Date}2015-03-03T12:44:07.058-08:00"
        cq:lastReplicatedBy="admin"
        cq:lastReplicationAction="Activate"
        cq:template="/apps/geometrixx-outdoors/templates/page_sidebar"
        jcr:isCheckedOut="{Boolean}true"
        jcr:mixinTypes="[cq:LiveSync,cq:metaMixin,mix:versionable]"
        jcr:primaryType="cq:PageContent"
        jcr:title="Men's"
        jcr:uuid="1649ddfa-63a2-42ab-b021-5a8a747baab1"
        sling:resourceType="geometrixx-outdoors/components/page_sidebar">
        <par/>
        <sidebar/>
        <cq:LiveSyncConfig/>
        <cq:meta jcr:primaryType="cq:meta">
            <last30Days
                jcr:primaryType="cq:meta"
                analytics_averagetimespentonpage="{Double}1.2"
                analytics_pageviews="{Long}1729256"
                analytics_revenue="{Long}15379351"
                analytics_visitors="{Long}936178"/>
        </cq:meta>
    </jcr:content>
    <coats/>
    <pants/>
    <shirts/>
    <shorts/>
</jcr:root>
