<?xml version="1.0" encoding="utf-8"?>
<tracking-metadata generator="Presenter ver 10.0" version="1.0">
	<objective id="Quiz10004" max-score="70" passing-score="56" min-score="0">
		<name>Quiz</name>
		<interactions>
			<interaction id="Interaction10015" QUniqId="10015" type="choice" score="10" correct-response="B">
				<name>Multiple choice</name>
				<title>What does 'wipe out' mean?</title>
				<responses>
					<response id="A">It's a popular apres dance move </response>
					<response id="B">Falling over, usually in a dramatic fashion </response>
					<response id="C">Poor visibility on the slopes because it's snowing </response>
					<response id="D">Landing a trick </response>
				</responses>
			</interaction>
			<interaction id="Interaction10027" QUniqId="10027" type="choice" score="10" correct-response="D">
				<name>Multiple choice</name>
				<title>What does 'bombing' refer to?</title>
				<responses>
					<response id="A">A night where you only drink Jagerbombs </response>
					<response id="B">Slang for the snowboarding festival in Mayrhofen </response>
					<response id="C">Breaking through the top crust of snow and sinking into the powder </response>
					<response id="D">Travelling at speed down the slope </response>
				</responses>
			</interaction>
			<interaction id="Interaction10039" QUniqId="10039" type="choice" score="10" correct-response="D">
				<name>Multiple choice</name>
				<title>What does 'stomp' mean?</title>
				<responses>
					<response id="A">When you jump up and down to rid your skis or board of snow </response>
					<response id="B">An apres party where everyone dances on tables in their ski boots </response>
					<response id="C">A shot comprised of Baileys, whiskey, and Cointreau </response>
					<response id="D">When you land a trick well </response>
				</responses>
			</interaction>
			<interaction id="Interaction10051" QUniqId="10051" type="choice" score="10" correct-response="A">
				<name>Multiple choice</name>
				<title>What is a 'kicker'?</title>
				<responses>
					<response id="A">A home-made wedge in the snow for performing small tricks </response>
					<response id="B">A type of snowboard, designed for doing tricks </response>
					<response id="C">A piste with a sharp bend in it </response>
					<response id="D">A skier who spends most of their time in the park </response>
				</responses>
			</interaction>
			<interaction id="Interaction10069" QUniqId="10069" type="choice" score="10" correct-response="C">
				<name>Multiple choice</name>
				<title>What is 'chatter'?</title>
				<responses>
					<response id="A">Talking while on a chairlift </response>
					<response id="B">Eating a plate of chips up the mountain </response>
					<response id="C">When your skis or snowboard shake beause of rough terrain </response>
					<response id="D">Comparing the number of runs at the end of the day </response>
				</responses>
			</interaction>
			<interaction id="Interaction10081" QUniqId="10081" type="choice" score="10" correct-response="A">
				<name>Multiple choice</name>
				<title>A 'liftie' is...</title>
				<responses>
					<response id="A">A chairlift operator </response>
					<response id="B">A ski trick where you lift one knee up and grab your ski </response>
					<response id="C">A lift that pulls you uphill </response>
					<response id="D">Catching a lift down the mountain on a snowmobile </response>
				</responses>
			</interaction>
			<interaction id="Interaction10093" QUniqId="10093" type="choice" score="10" correct-response="C">
				<name>Multiple choice</name>
				<title>What is 'jibbing'?</title>
				<responses>
					<response id="A">Landing flat on your back after a jump </response>
					<response id="B">Riding with the nose of your snowboard elevated </response>
					<response id="C">Riding something other than the snow (i.e. rails, trees, etc.) </response>
					<response id="D">Skiing or riding very well </response>
				</responses>
			</interaction>
		</interactions>
	</objective>
</tracking-metadata>
