<?xml version="1.0" encoding="UTF-8"?>
<jcr:root xmlns:sling="http://sling.apache.org/jcr/sling/1.0" xmlns:cq="http://www.day.com/jcr/cq/1.0" xmlns:jcr="http://www.jcp.org/jcr/1.0" xmlns:mix="http://www.jcp.org/jcr/mix/1.0"
    jcr:primaryType="cq:Page">
    <cajamara-biking/>
    <jola-summer-surfing/>
    <nairobi-runners-running/>
    <whistler-snow-skiing/>
    <jcr:content
        cq:commerceType="section"
        cq:lastModified="{Date}2014-12-20T16:20:56.906-04:00"
        cq:lastModifiedBy="admin"
        cq:lastReplicated="{Date}2015-03-03T12:44:08.228-08:00"
        cq:lastReplicatedBy="admin"
        cq:lastReplicationAction="Activate"
        cq:template="/apps/geometrixx-outdoors/templates/page_sidebar"
        jcr:isCheckedOut="{Boolean}true"
        jcr:mixinTypes="[cq:metaMixin,mix:versionable]"
        jcr:primaryType="cq:PageContent"
        jcr:title="Activities"
        jcr:uuid="d2b32910-eeca-4dee-ab93-c8c5cf87b027"
        sling:resourceType="geometrixx-outdoors/components/page_sidebar">
        <par/>
        <sidebar/>
        <cq:meta jcr:primaryType="cq:meta">
            <last30Days
                jcr:primaryType="cq:meta"
                analytics_averagetimespentonpage="{Double}1.9"
                analytics_pageviews="{Long}2368310"
                analytics_revenue="{Long}24629631"
                analytics_visitors="{Long}971778"/>
            <last30DaysPrev
                jcr:primaryType="cq:meta"
                analytics_averagetimespentonpage="{Double}2.1"
                analytics_pageviews="{Long}2568310"
                analytics_revenue="{Long}25629631"
                analytics_visitors="{Long}1031778"/>
        </cq:meta>
    </jcr:content>
    <cuzco-hiking/>
</jcr:root>
