<?xml version="1.0" encoding="UTF-8"?>
<jcr:root xmlns:sling="http://sling.apache.org/jcr/sling/1.0" xmlns:cq="http://www.day.com/jcr/cq/1.0" xmlns:jcr="http://www.jcp.org/jcr/1.0" xmlns:mix="http://www.jcp.org/jcr/mix/1.0"
    jcr:primaryType="cq:Page">
    <jcr:content
        cq:lastModified="{Date}2012-12-07T16:53:34.088-08:00"
        cq:lastModifiedBy="admin"
        cq:lastReplicated="{Date}2015-03-03T12:44:08.345-08:00"
        cq:lastReplicatedBy="admin"
        cq:lastReplicationAction="Activate"
        cq:template="/apps/geometrixx-outdoors/templates/page_sidebar"
        jcr:isCheckedOut="{Boolean}true"
        jcr:mixinTypes="[cq:metaMixin,mix:versionable]"
        jcr:primaryType="cq:PageContent"
        jcr:title="Community"
        jcr:uuid="fe93d24c-8e48-46dc-9733-b4a68ace6d76"
        sling:resourceType="/apps/geometrixx-outdoors/components/page_communities">
        <par/>
        <sidebar/>
        <toggle/>
        <campaign-banner/>
        <cq:meta jcr:primaryType="cq:meta">
            <last30Days
                jcr:primaryType="cq:meta"
                analytics_averagetimespentonpage="{Double}2.5"
                analytics_pageviews="{Long}1158315"
                analytics_revenue="{Long}6329662"
                analytics_visitors="{Long}731638"/>
        </cq:meta>
    </jcr:content>
    <editcommunity/>
    <invite/>
    <newcommunity/>
    <hiking/>
    <winter-sports/>
    <running/>
    <surfing/>
</jcr:root>
