<?xml version="1.0" encoding="UTF-8"?>
<jcr:root xmlns:sling="http://sling.apache.org/jcr/sling/1.0" xmlns:cq="http://www.day.com/jcr/cq/1.0" xmlns:jcr="http://www.jcp.org/jcr/1.0" xmlns:mix="http://www.jcp.org/jcr/mix/1.0"
    jcr:primaryType="cq:Page">
    <jcr:content
        cq:lastModified="{Date}2014-02-21T10:51:58.722-05:00"
        cq:lastModifiedBy="admin"
        cq:lastReplicated="{Date}2015-03-03T12:46:43.077-08:00"
        cq:lastReplicatedBy="admin"
        cq:lastReplicationAction="Deactivate"
        cq:template="/apps/geometrixx-outdoors/templates/page_sidebar"
        jcr:isCheckedOut="{Boolean}true"
        jcr:mixinTypes="[mix:versionable]"
        jcr:primaryType="cq:PageContent"
        jcr:title="Company"
        jcr:uuid="fdccac7f-9025-4a4a-87ac-279a29bc9f2f"
        sling:resourceType="/apps/geometrixx-outdoors/components/page_company"
        hideInNav="true">
        <par/>
        <sidebar/>
        <image/>
        <cq:meta jcr:primaryType="cq:meta">
            <last30Days
                jcr:primaryType="cq:meta"
                analytics_averagetimespentonpage="{Double}0.3"
                analytics_pageviews="{Long}140665"
                analytics_revenue="{Long}129619"
                analytics_visitors="{Long}43568"/>
            <last90Days
                jcr:primaryType="cq:meta"
                analytics_averagetimespentonpage="{Double}0.1"
                analytics_pageviews="{Long}1"
                analytics_visitors="{Long}1"/>
            <last90DaysPrev
                jcr:primaryType="cq:meta"
                analytics_averagetimespentonpage="{Long}0"
                analytics_pageviews="{Long}1"
                analytics_visitors="{Long}1"/>
            <lastYear
                jcr:primaryType="cq:meta"
                analytics_averagetimespentonpage="{Double}0.1"
                analytics_pageviews="{Long}2"
                analytics_visitors="{Long}1"/>
        </cq:meta>
    </jcr:content>
    <our-story/>
    <the-team/>
    <unlimited-blog/>
    <photos/>
</jcr:root>
