<?xml version="1.0" encoding="utf-8"?>
<presentation width="720" height="540" preview="0" defaultSlideDuration="5" start="play" buildNum="10.0.0.196">
	<presentationTitle>ski-quiz</presentationTitle>
	<speakers></speakers>
	<search url="srchdata.xml"/>
	<presentationBg url="bg.swf"/>
	<masters><master url="Master0.swf" id="1" totalFrames="1"><backdrop frameNum="0"/><slidexml><AS3Class className="TL_823b3cf762df4d4aafd35c3b02970702yxy" classType="PptTmline_xyxyxyxyxyxyxyxyxyxyxyxyxyxy" frameRate="30" pauseAfterEachAnimation="0"><OnLoadCallBacks/><Audios/></AS3Class><AS3Class className="Sprite_2_9bfe42867da543a9934fdb0a9bc32e4cxyxyxyxy" classType="Sprite_xyxyxyxyxyxyxyxyxyxyxyxyxyxyxyxyxyxyxyxyxy" isQuizSlide="0" type="ShapeAnimationSprite" spriteDuration="102" numFrames="4" spriteName="Sprite2" isAudioPlayTillPresent="0" triggerPresent="0"><EventHandlers/></AS3Class><AS3Class className="Sprite_4_219569445d444163a4d97aef92b03674xyxyxyxy" classType="Sprite_xyxyxyxyxyxyxyxyxyxyxyxyxyxyxyxyxyxyxyxyxy" isQuizSlide="0" type="ShapeAnimationSprite" spriteDuration="102" numFrames="4" spriteName="Sprite4" isAudioPlayTillPresent="0" triggerPresent="0"><EventHandlers/></AS3Class><AS3Class className="Sprite_7_1a4029795d0c441bb91e8bd9c0e22600xyxyxyxy" classType="Sprite_xyxyxyxyxyxyxyxyxyxyxyxyxyxyxyxyxyxyxyxyxy" isQuizSlide="0" type="ShapeAnimationSprite" spriteDuration="102" numFrames="4" spriteName="Sprite7" isAudioPlayTillPresent="0" triggerPresent="0"><EventHandlers/></AS3Class><AS3Class className="Sprite_9_64e1282ab96c4f6ea5b2efeb181ffce5xyxyxyxy" classType="Sprite_xyxyxyxyxyxyxyxyxyxyxyxyxyxyxyxyxyxyxyxyxy" isQuizSlide="0" type="ShapeAnimationSprite" spriteDuration="102" numFrames="4" spriteName="Sprite9" isAudioPlayTillPresent="0" triggerPresent="0"><EventHandlers/></AS3Class></slidexml></master></masters>
	<layouts><layout url="Layout0.swf" id="1" totalFrames="1"><backdrop displayBgSp="false"/><slidexml><AS3Class className="TL_73cd86adb142400992f4bd5a7c3c8c10yxy" classType="PptTmline_xyxyxyxyxyxyxyxyxyxyxyxyxyxy" frameRate="30" pauseAfterEachAnimation="0"><OnLoadCallBacks/><Audios/></AS3Class><AS3Class className="Sprite_5_953b1c92ff724c0d8f631a7ed4b7c854xyxyxyxy" classType="Sprite_xyxyxyxyxyxyxyxyxyxyxyxyxyxyxyxyxyxyxyxyxy" isQuizSlide="0" type="ShapeAnimationSprite" spriteDuration="272" numFrames="9" spriteName="Sprite5" isAudioPlayTillPresent="0" triggerPresent="0"><EventHandlers/></AS3Class><AS3Class className="Sprite_9_aab905d0f5ab430ab2813f204125dad8xyxyxyxy" classType="Sprite_xyxyxyxyxyxyxyxyxyxyxyxyxyxyxyxyxyxyxyxyxy" isQuizSlide="0" type="ShapeAnimationSprite" spriteDuration="272" numFrames="9" spriteName="Sprite9" isAudioPlayTillPresent="0" triggerPresent="0"><EventHandlers/></AS3Class><AS3Class className="Sprite_12_c62df837fbd44407b5b3d98222e35d31yxyxyxy" classType="Sprite_xyxyxyxyxyxyxyxyxyxyxyxyxyxyxyxyxyxyxyxyxy" isQuizSlide="0" type="ShapeAnimationSprite" spriteDuration="272" numFrames="9" spriteName="Sprite12" isAudioPlayTillPresent="0" triggerPresent="0"><EventHandlers/></AS3Class></slidexml></layout><layout url="Layout1.swf" id="2" totalFrames="1"><backdrop displayBgSp="true"/><slidexml><AS3Class className="TL_699c0971f063411d9bf4c001e33c09afyxy" classType="PptTmline_xyxyxyxyxyxyxyxyxyxyxyxyxyxy" frameRate="30" pauseAfterEachAnimation="0"><OnLoadCallBacks/><Audios/></AS3Class></slidexml></layout><layout url="Layout2.swf" id="3" totalFrames="1"><backdrop frameNum="1" displayBgSp="true"/><slidexml><AS3Class className="TL_9123318081da44f3b3dd63f1003d6de6yxy" classType="PptTmline_xyxyxyxyxyxyxyxyxyxyxyxyxyxy" frameRate="30" pauseAfterEachAnimation="0"><OnLoadCallBacks/><Audios/></AS3Class></slidexml></layout></layouts>
	<slides>
		<slide id="256" showInTOC="" inSequence="" frameRate="30" totalFrames="30" usePptxSlideDur="0" lockInteractionSlide="false" isHiddenInteractionSl="false" isWrongInteractionSl="false" swfConvertorEngine="Nova" slideDuration="5" advance="auto" blockMovement="false" hideplaybar="false" type="normal">
			<content url="Slide0.swf" id="256"/>
			<backdrop displayBgSp="true"/>
			<master id="1" frameNum="0"/>
			<layout id="1" frameNum="0"/>
			<slidexml><AS3Class className="TL_035d95ca05ea4b068f28560e37253863yxy" classType="PptTmline_xyxyxyxyxyxyxyxyxyxyxyxyxyxy" frameRate="30" normalSlide="1" pauseAfterEachAnimation="0"><OnLoadCallBacks><CallBack instanceName="Sprite_ID_4"/></OnLoadCallBacks><Audios/></AS3Class><AS3Class className="ACC_e28958c55af748beb42af7633c69ec8bxy" classType="ACCSprite_xyxyxyxyxyxyxyxyxyxyxyxyxyxy" type="AccessibilitySprite" actionas3class="" spriteName="Sprite_ID_4"><EventHandlers><EventInfo eventType="OnLoad"><Accessibility description=" Ski Jargon Quiz " silent="0" tabindex="32769"/></EventInfo></EventHandlers></AS3Class><AS3Class className="Sprite_5_88fe3e6d551d49fca69c3e44e86ad8ebxyxyxyxy" classType="Sprite_xyxyxyxyxyxyxyxyxyxyxyxyxyxyxyxyxyxyxyxyxy" isQuizSlide="0" type="ShapeAnimationSprite" spriteDuration="272" numFrames="9" spriteName="Sprite5" isAudioPlayTillPresent="0" triggerPresent="0"><EventHandlers/></AS3Class><AS3Class className="Sprite_7_ca9a694486234b019ba21817615d1836xyxyxyxy" classType="Sprite_xyxyxyxyxyxyxyxyxyxyxyxyxyxyxyxyxyxyxyxyxy" isQuizSlide="0" type="ShapeAnimationSprite" spriteDuration="272" numFrames="9" spriteName="Sprite7" isAudioPlayTillPresent="0" triggerPresent="0"><EventHandlers/></AS3Class></slidexml>
			<clickAnimations></clickAnimations>
			<flvContents/>
			<slideTitle>@Ski Jargon Quiz@</slideTitle>
			<notes isHTML="true"></notes>
			<slideThumbnail url="thumb.swf" frame="1"/>
		</slide>
		<slide id="257" showInTOC="" inSequence="" frameRate="30" totalFrames="30" usePptxSlideDur="0" lockInteractionSlide="false" isHiddenInteractionSl="false" isWrongInteractionSl="false" swfConvertorEngine="Nova" slideDuration="5" advance="auto" blockMovement="false" hideplaybar="false" type="normal">
			<content url="Slide1.swf" id="257"/>
			<backdrop displayBgSp="true"/>
			<master id="1" frameNum="0"/>
			<layout id="2" frameNum="0"/>
			<slidexml><AS3Class className="TL_1346d35b07464741a5611ca2bfa5caa1yxy" classType="PptTmline_xyxyxyxyxyxyxyxyxyxyxyxyxyxy" frameRate="30" normalSlide="1" pauseAfterEachAnimation="0"><OnLoadCallBacks><CallBack instanceName="Sprite_ID_10"/><CallBack instanceName="Sprite_ID_15"/></OnLoadCallBacks><Audios/></AS3Class><AS3Class className="ACC_1085180515d84718bf29b93ffa365297xy" classType="ACCSprite_xyxyxyxyxyxyxyxyxyxyxyxyxyxy" type="AccessibilitySprite" actionas3class="" spriteName="Sprite_ID_10"><EventHandlers><EventInfo eventType="OnLoad"><Accessibility description=" Take a few moments to complete this quiz on common terms you’ll hear on the slopes. " silent="0" tabindex="32770"/></EventInfo></EventHandlers></AS3Class><AS3Class className="ACC_d44908a675684e98bfec4488f4f7f150xy" classType="ACCSprite_xyxyxyxyxyxyxyxyxyxyxyxyxyxy" type="AccessibilitySprite" actionas3class="" spriteName="Sprite_ID_15"><EventHandlers><EventInfo eventType="OnLoad"><Accessibility description=" Get ready… " silent="0" tabindex="32771"/></EventInfo></EventHandlers></AS3Class><AS3Class className="Sprite_11_6102acf01e804bc69fe04de7e3e074afyxyxyxy" classType="Sprite_xyxyxyxyxyxyxyxyxyxyxyxyxyxyxyxyxyxyxyxyxy" isQuizSlide="0" type="ShapeAnimationSprite" spriteDuration="272" numFrames="9" spriteName="Sprite11" isAudioPlayTillPresent="0" triggerPresent="0"><EventHandlers/></AS3Class><AS3Class className="Sprite_16_e25e7614e6e5483a8a9ce477e0a3c49ayxyxyxy" classType="Sprite_xyxyxyxyxyxyxyxyxyxyxyxyxyxyxyxyxyxyxyxyxy" isQuizSlide="0" type="ShapeAnimationSprite" spriteDuration="272" numFrames="9" spriteName="Sprite16" isAudioPlayTillPresent="0" triggerPresent="0"><EventHandlers/></AS3Class></slidexml>
			<clickAnimations></clickAnimations>
			<flvContents/>
			<slideTitle>@Get ready…@</slideTitle>
			<notes isHTML="true"></notes>
			<slideThumbnail url="thumb.swf" frame="2"/>
		</slide>
		<slide id="258" showInTOC="false" inSequence="" frameRate="30" totalFrames="180" usePptxSlideDur="0" lockInteractionSlide="false" isHiddenInteractionSl="false" isWrongInteractionSl="false" swfConvertorEngine="Nova" slideDuration="6" advance="never" blockMovement="false" hideplaybar="false" type="quiz" quiz="10004" group="-1">
			<questions>
				<question index="10015" weight="10" showCorrectFeedback="true" showIncorrectFeedback="true" isMandatory="0" scoreType="scored" shuffleAnswers="true"/>
			</questions>
			<audioFeedbacks></audioFeedbacks>
			<content url="Slide2.swf" id="258"/>
			<backdrop displayBgSp="true"/>
			<master id="1" frameNum="0"/>
			<layout id="3" frameNum="0"/>
			<slidexml><AS3Class className="TL_cf94a0babfa848289dc36b6f972db17dyxy" classType="PptTmline_xyxyxyxyxyxyxyxyxyxyxyxyxyxy" frameRate="30" normalSlide="1" pauseAfterEachAnimation="0"><FrameScript frameNo="1"><Stop/></FrameScript><ClickInfo><Clicks click="167" seqEndTime="833"/><Clicks click="867" seqEndTime="1533"/><Clicks click="1567" seqEndTime="2233"/><Clicks click="2267" seqEndTime="2933"/><Clicks click="2967" seqEndTime="3633"/><Clicks click="3667" seqEndTime="4333"/><Clicks click="4367" seqEndTime="5033"/></ClickInfo><OnLoadCallBacks><CallBack instanceName="Sprite_ID_10"/><CallBack instanceName="Sprite_ID_14"/><CallBack instanceName="Sprite_ID_18"/><CallBack instanceName="Sprite_ID_22"/><CallBack instanceName="Sprite_ID_26"/><CallBack instanceName="Sprite_ID_30"/><CallBack instanceName="Sprite_ID_6"/></OnLoadCallBacks><Audios/></AS3Class><AS3Class className="ACC_d6791f829de04e009ad0456cb65358abxy" classType="ACCSprite_xyxyxyxyxyxyxyxyxyxyxyxyxyxy" type="AccessibilitySprite" actionas3class="" spriteName="Sprite_ID_6"><EventHandlers><EventInfo eventType="OnLoad"><Accessibility description=" Correct - Click anywhere or press Control Y to continue " silent="0" tabindex="32772"/></EventInfo></EventHandlers></AS3Class><AS3Class className="ACC_d24fd7006ef64e138c3e6d8b4fd8dc8exy" classType="ACCSprite_xyxyxyxyxyxyxyxyxyxyxyxyxyxy" type="AccessibilitySprite" actionas3class="" spriteName="Sprite_ID_10"><EventHandlers><EventInfo eventType="OnLoad"><Accessibility description=" Incorrect - Click anywhere or press Control Y to continue " silent="0" tabindex="32773"/></EventInfo></EventHandlers></AS3Class><AS3Class className="ACC_024d07ae1cba46c1b7891358e18470aexy" classType="ACCSprite_xyxyxyxyxyxyxyxyxyxyxyxyxyxy" type="AccessibilitySprite" actionas3class="" spriteName="Sprite_ID_14"><EventHandlers><EventInfo eventType="OnLoad"><Accessibility description=" You answered this correctly! " silent="0" tabindex="32774"/></EventInfo></EventHandlers></AS3Class><AS3Class className="ACC_f885f50f22294997ab3f94f9065ecfb4xy" classType="ACCSprite_xyxyxyxyxyxyxyxyxyxyxyxyxyxy" type="AccessibilitySprite" actionas3class="" spriteName="Sprite_ID_18"><EventHandlers><EventInfo eventType="OnLoad"><Accessibility description=" Your answer: " silent="0" tabindex="32775"/></EventInfo></EventHandlers></AS3Class><AS3Class className="ACC_d7bff034a7a44564ae5d931eed4ef04exy" classType="ACCSprite_xyxyxyxyxyxyxyxyxyxyxyxyxyxy" type="AccessibilitySprite" actionas3class="" spriteName="Sprite_ID_22"><EventHandlers><EventInfo eventType="OnLoad"><Accessibility description=" The correct answer is: " silent="0" tabindex="32776"/></EventInfo></EventHandlers></AS3Class><AS3Class className="ACC_d5c13c280a144e728d4c360b118a717fxy" classType="ACCSprite_xyxyxyxyxyxyxyxyxyxyxyxyxyxy" type="AccessibilitySprite" actionas3class="" spriteName="Sprite_ID_26"><EventHandlers><EventInfo eventType="OnLoad"><Accessibility description=" You did not answer this question completely " silent="0" tabindex="32777"/></EventInfo></EventHandlers></AS3Class><AS3Class className="ACC_57f38f954904423c990e1402e41caf42xy" classType="ACCSprite_xyxyxyxyxyxyxyxyxyxyxyxyxyxy" type="AccessibilitySprite" actionas3class="" spriteName="Sprite_ID_30"><EventHandlers><EventInfo eventType="OnLoad"><Accessibility description=" You must answer the question before continuing " silent="0" tabindex="32778"/></EventInfo></EventHandlers></AS3Class><AS3Class className="Sprite_178_16984ac510784240bee35a434679a6a5xyxyxy" classType="Sprite_xyxyxyxyxyxyxyxyxyxyxyxyxyxyxyxyxyxyxyxyxy" imageSprite="1" spriteName="Sprite_ID_178"><EventHandlers/></AS3Class><AS3Class className="Sprite_321_e95cd33c7241415bb3bc11a8bc48a822xyxyxy" classType="Sprite_xyxyxyxyxyxyxyxyxyxyxyxyxyxyxyxyxyxyxyxyxy" imageSprite="1" spriteName="Sprite_ID_321"><EventHandlers/></AS3Class><AS3Class className="Sprite_463_b83e38889afc421db1217299030de44cxyxyxy" classType="Sprite_xyxyxyxyxyxyxyxyxyxyxyxyxyxyxyxyxyxyxyxyxy" imageSprite="1" spriteName="Sprite_ID_463"><EventHandlers/></AS3Class><AS3Class className="Sprite_604_7e5e49028c274486a93c6ad413b9ee95xyxyxy" classType="Sprite_xyxyxyxyxyxyxyxyxyxyxyxyxyxyxyxyxyxyxyxyxy" imageSprite="1" spriteName="Sprite_ID_604"><EventHandlers/></AS3Class><AS3Class className="Sprite_738_e39348d1812742338a9b7588ccfb316fxyxyxy" classType="Sprite_xyxyxyxyxyxyxyxyxyxyxyxyxyxyxyxyxyxyxyxyxy" isQuizSlide="1" type="ShapeAnimationSprite" spriteDuration="5236" numFrames="155" isShapeVisibleInit="0" spriteName="Sprite0" isAudioPlayTillPresent="0" triggerPresent="0"><FrameScript frameNo="1"><IsShpVisible val="0"/></FrameScript><FrameScript frameNo="5"><MainTLStopAudioOC/></FrameScript><FrameScript frameNo="21"><IsShpVisible val="1"/></FrameScript><FrameScript frameNo="154"><GotoAndStop frameNo="154"/></FrameScript><EventHandlers/><NonTriggeredAnimations><Animation startFrame="5" endFrame="25"/></NonTriggeredAnimations></AS3Class><AS3Class className="Sprite_741_e07c2176f1a544c5979bac243d27a8b5xyxyxy" classType="Sprite_xyxyxyxyxyxyxyxyxyxyxyxyxyxyxyxyxyxyxyxyxy" isQuizSlide="1" type="ShapeAnimationSprite" spriteDuration="5236" numFrames="155" isShapeVisibleInit="0" spriteName="Sprite0" isAudioPlayTillPresent="0" triggerPresent="0"><FrameScript frameNo="1"><IsShpVisible val="0"/></FrameScript><FrameScript frameNo="26"><MainTLStopAudioOC/></FrameScript><FrameScript frameNo="42"><IsShpVisible val="1"/></FrameScript><FrameScript frameNo="154"><GotoAndStop frameNo="154"/></FrameScript><EventHandlers/><NonTriggeredAnimations><Animation startFrame="26" endFrame="46"/></NonTriggeredAnimations></AS3Class><AS3Class className="Sprite_744_d605e299399b4c86a563035862f49d21xyxyxy" classType="Sprite_xyxyxyxyxyxyxyxyxyxyxyxyxyxyxyxyxyxyxyxyxy" isQuizSlide="1" type="ShapeAnimationSprite" spriteDuration="5236" numFrames="155" isShapeVisibleInit="0" spriteName="Sprite0" isAudioPlayTillPresent="0" triggerPresent="0"><FrameScript frameNo="1"><IsShpVisible val="0"/></FrameScript><FrameScript frameNo="129"><MainTLStopAudioOC/></FrameScript><FrameScript frameNo="145"><IsShpVisible val="1"/></FrameScript><FrameScript frameNo="154"><GotoAndStop frameNo="154"/></FrameScript><EventHandlers/><NonTriggeredAnimations><Animation startFrame="129" endFrame="149"/></NonTriggeredAnimations></AS3Class><AS3Class className="Sprite_747_9c05c546eacb448a8573135244d6b7b5xyxyxy" classType="Sprite_xyxyxyxyxyxyxyxyxyxyxyxyxyxyxyxyxyxyxyxyxy" isQuizSlide="1" type="ShapeAnimationSprite" spriteDuration="5236" numFrames="155" isShapeVisibleInit="0" spriteName="Sprite0" isAudioPlayTillPresent="0" triggerPresent="0"><FrameScript frameNo="1"><IsShpVisible val="0"/></FrameScript><FrameScript frameNo="108"><MainTLStopAudioOC/></FrameScript><FrameScript frameNo="124"><IsShpVisible val="1"/></FrameScript><FrameScript frameNo="154"><GotoAndStop frameNo="154"/></FrameScript><EventHandlers/><NonTriggeredAnimations><Animation startFrame="108" endFrame="128"/></NonTriggeredAnimations></AS3Class><AS3Class className="Sprite_750_ae7e7dd212124d6699ed41d290517b2bxyxyxy" classType="Sprite_xyxyxyxyxyxyxyxyxyxyxyxyxyxyxyxyxyxyxyxyxy" isQuizSlide="1" type="ShapeAnimationSprite" spriteDuration="5236" numFrames="155" isShapeVisibleInit="0" spriteName="Sprite0" isAudioPlayTillPresent="0" triggerPresent="0"><FrameScript frameNo="1"><IsShpVisible val="0"/></FrameScript><FrameScript frameNo="47"><MainTLStopAudioOC/></FrameScript><FrameScript frameNo="62"><IsShpVisible val="1"/></FrameScript><FrameScript frameNo="154"><GotoAndStop frameNo="154"/></FrameScript><EventHandlers/><NonTriggeredAnimations><Animation startFrame="47" endFrame="66"/></NonTriggeredAnimations></AS3Class><AS3Class className="Sprite_753_37aca4187a1c4518898469671f36d198xyxyxy" classType="Sprite_xyxyxyxyxyxyxyxyxyxyxyxyxyxyxyxyxyxyxyxyxy" isQuizSlide="1" type="ShapeAnimationSprite" spriteDuration="5236" numFrames="155" isShapeVisibleInit="0" spriteName="Sprite0" isAudioPlayTillPresent="0" triggerPresent="0"><FrameScript frameNo="1"><IsShpVisible val="0"/></FrameScript><FrameScript frameNo="67"><MainTLStopAudioOC/></FrameScript><FrameScript frameNo="83"><IsShpVisible val="1"/></FrameScript><FrameScript frameNo="154"><GotoAndStop frameNo="154"/></FrameScript><EventHandlers/><NonTriggeredAnimations><Animation startFrame="67" endFrame="87"/></NonTriggeredAnimations></AS3Class><AS3Class className="Sprite_755_97f3a0632b7b4e6ab52f26e455aeb66dxyxyxy" classType="Sprite_xyxyxyxyxyxyxyxyxyxyxyxyxyxyxyxyxyxyxyxyxy" isQuizSlide="1" type="ShapeAnimationSprite" spriteDuration="5236" numFrames="155" isShapeVisibleInit="0" spriteName="Sprite0" isAudioPlayTillPresent="0" triggerPresent="0"><FrameScript frameNo="1"><IsShpVisible val="0"/></FrameScript><FrameScript frameNo="88"><MainTLStopAudioOC/></FrameScript><FrameScript frameNo="103"><IsShpVisible val="1"/></FrameScript><FrameScript frameNo="154"><GotoAndStop frameNo="154"/></FrameScript><EventHandlers/><NonTriggeredAnimations><Animation startFrame="88" endFrame="107"/></NonTriggeredAnimations></AS3Class><Quiz questionType="MultipleChoice"><AS3Class className="Question10015xyxyxyxyxyxyxyxyxyxyxyxyx" classType="Question_xyxyxyxyxyxyxyxyxyxyxyxyxyxyx" numQuestionAttemptsAllowed="1" interactionType="choice" questionNumInQuiz="10015" questionText="What does 'wipe out' mean?" isTracked="1" objectiveID="Quiz10004" interactionID="Interaction10015" mustAnswerAll="0"><AS3Class className="CorrectFeedbackxyxyxyxyxyxyxyxyxyxyxyx" classType="Feedback_xyxyxyxyxyxyxyxyxyxyxyxyxyxyx" onlyDoAction="0" actionType="nextSlide" visible="0" accText="Correct - Click anywhere or press Control Y to continue " audioClipID="-1" actionArg1="" actionArg2="1"/><AS3Class className="IncorrectFeedbackxyxyxyxyxyxyxyxyxyxyx" classType="Feedback_xyxyxyxyxyxyxyxyxyxyxyxyxyxyx" onlyDoAction="0" actionType="nextSlide" visible="0" accText="Incorrect - Click anywhere or press Control Y to continue " audioClipID="-1" actionArg1="" actionArg2="1"/><AS3Class className="IncompleteFeedbackyxyxyxyxyxyxyxyxyxyx" classType="Feedback_xyxyxyxyxyxyxyxyxyxyxyxyxyxyx" onlyDoAction="0" visible="0" accText="You must answer the question before continuing "/><AS3Class className="ReviewFeedback10015xyxyxyxyxyxyxyxyxyx" classType="ReviewFeedback_xyxyxyxyxyxyxyxyxyxyxyx"/></AS3Class></Quiz></slidexml>
			<clickAnimations>
				<click startTime="167" isStartRelative="false" duration="666"/>
				<click startTime="867" isStartRelative="false" duration="666"/>
				<click startTime="1567" isStartRelative="false" duration="666"/>
				<click startTime="2267" isStartRelative="false" duration="666"/>
				<click startTime="2967" isStartRelative="false" duration="666"/>
				<click startTime="3667" isStartRelative="false" duration="666"/>
				<click startTime="4367" isStartRelative="false" duration="666"/>
			</clickAnimations>
			<flvContents/>
			<slideTitle>@What does 'wipe out' mean?@</slideTitle>
			<notes isHTML="true"></notes>
			<slideThumbnail url="thumb.swf" frame="3"/>
		</slide>
		<slide id="259" showInTOC="false" inSequence="" frameRate="30" totalFrames="180" usePptxSlideDur="0" lockInteractionSlide="false" isHiddenInteractionSl="false" isWrongInteractionSl="false" swfConvertorEngine="Nova" slideDuration="6" advance="never" blockMovement="false" hideplaybar="false" type="quiz" quiz="10004" group="-1">
			<questions>
				<question index="10027" weight="10" showCorrectFeedback="true" showIncorrectFeedback="true" isMandatory="0" scoreType="scored" shuffleAnswers="false"/>
			</questions>
			<audioFeedbacks></audioFeedbacks>
			<content url="Slide3.swf" id="259"/>
			<backdrop displayBgSp="true"/>
			<master id="1" frameNum="0"/>
			<layout id="3" frameNum="0"/>
			<slidexml><AS3Class className="TL_f712e9daea184fc89557b161ca2913afyxy" classType="PptTmline_xyxyxyxyxyxyxyxyxyxyxyxyxyxy" frameRate="30" normalSlide="1" pauseAfterEachAnimation="0"><FrameScript frameNo="1"><Stop/></FrameScript><ClickInfo><Clicks click="167" seqEndTime="833"/><Clicks click="867" seqEndTime="1533"/><Clicks click="1567" seqEndTime="2233"/><Clicks click="2267" seqEndTime="2933"/><Clicks click="2967" seqEndTime="3633"/><Clicks click="3667" seqEndTime="4333"/><Clicks click="4367" seqEndTime="5033"/></ClickInfo><OnLoadCallBacks><CallBack instanceName="Sprite_ID_10"/><CallBack instanceName="Sprite_ID_14"/><CallBack instanceName="Sprite_ID_18"/><CallBack instanceName="Sprite_ID_22"/><CallBack instanceName="Sprite_ID_26"/><CallBack instanceName="Sprite_ID_30"/><CallBack instanceName="Sprite_ID_6"/></OnLoadCallBacks><Audios/></AS3Class><AS3Class className="ACC_fed352460d864e95a0cd53eea1976feaxy" classType="ACCSprite_xyxyxyxyxyxyxyxyxyxyxyxyxyxy" type="AccessibilitySprite" actionas3class="" spriteName="Sprite_ID_6"><EventHandlers><EventInfo eventType="OnLoad"><Accessibility description=" Correct - Click anywhere or press Control Y to continue " silent="0" tabindex="32779"/></EventInfo></EventHandlers></AS3Class><AS3Class className="ACC_c2226048ef974f3d9298eea2afa53c9dxy" classType="ACCSprite_xyxyxyxyxyxyxyxyxyxyxyxyxyxy" type="AccessibilitySprite" actionas3class="" spriteName="Sprite_ID_10"><EventHandlers><EventInfo eventType="OnLoad"><Accessibility description=" Incorrect - Click anywhere or press Control Y to continue " silent="0" tabindex="32780"/></EventInfo></EventHandlers></AS3Class><AS3Class className="ACC_6d29a1d0c8824081b2922da2d6fdafa8xy" classType="ACCSprite_xyxyxyxyxyxyxyxyxyxyxyxyxyxy" type="AccessibilitySprite" actionas3class="" spriteName="Sprite_ID_14"><EventHandlers><EventInfo eventType="OnLoad"><Accessibility description=" You answered this correctly! " silent="0" tabindex="32781"/></EventInfo></EventHandlers></AS3Class><AS3Class className="ACC_f89018ea2f334cf59d23b1da5e495e88xy" classType="ACCSprite_xyxyxyxyxyxyxyxyxyxyxyxyxyxy" type="AccessibilitySprite" actionas3class="" spriteName="Sprite_ID_18"><EventHandlers><EventInfo eventType="OnLoad"><Accessibility description=" Your answer: " silent="0" tabindex="32782"/></EventInfo></EventHandlers></AS3Class><AS3Class className="ACC_4dec19030ccf4c4aaa456f93bb24d526xy" classType="ACCSprite_xyxyxyxyxyxyxyxyxyxyxyxyxyxy" type="AccessibilitySprite" actionas3class="" spriteName="Sprite_ID_22"><EventHandlers><EventInfo eventType="OnLoad"><Accessibility description=" The correct answer is: " silent="0" tabindex="32783"/></EventInfo></EventHandlers></AS3Class><AS3Class className="ACC_622828f7c17e44b891c2cb87430634d4xy" classType="ACCSprite_xyxyxyxyxyxyxyxyxyxyxyxyxyxy" type="AccessibilitySprite" actionas3class="" spriteName="Sprite_ID_26"><EventHandlers><EventInfo eventType="OnLoad"><Accessibility description=" You did not answer this question completely " silent="0" tabindex="32784"/></EventInfo></EventHandlers></AS3Class><AS3Class className="ACC_f78dc482ab10415ba59bb5abaffd18d5xy" classType="ACCSprite_xyxyxyxyxyxyxyxyxyxyxyxyxyxy" type="AccessibilitySprite" actionas3class="" spriteName="Sprite_ID_30"><EventHandlers><EventInfo eventType="OnLoad"><Accessibility description=" You must answer the question before continuing " silent="0" tabindex="32785"/></EventInfo></EventHandlers></AS3Class><AS3Class className="Sprite_178_590f8321ae8d40e9965bb6a9b9af7729xyxyxy" classType="Sprite_xyxyxyxyxyxyxyxyxyxyxyxyxyxyxyxyxyxyxyxyxy" imageSprite="1" spriteName="Sprite_ID_178"><EventHandlers/></AS3Class><AS3Class className="Sprite_320_691584e350664b73905d854b65950a51xyxyxy" classType="Sprite_xyxyxyxyxyxyxyxyxyxyxyxyxyxyxyxyxyxyxyxyxy" imageSprite="1" spriteName="Sprite_ID_320"><EventHandlers/></AS3Class><AS3Class className="Sprite_461_58acce6c722742478ac119f10338c37bxyxyxy" classType="Sprite_xyxyxyxyxyxyxyxyxyxyxyxyxyxyxyxyxyxyxyxyxy" imageSprite="1" spriteName="Sprite_ID_461"><EventHandlers/></AS3Class><AS3Class className="Sprite_604_46ef9e0bf46047359fe6605fd7f45c2exyxyxy" classType="Sprite_xyxyxyxyxyxyxyxyxyxyxyxyxyxyxyxyxyxyxyxyxy" imageSprite="1" spriteName="Sprite_ID_604"><EventHandlers/></AS3Class><AS3Class className="Sprite_738_a1756dccfbee42c6b6993657992f1200xyxyxy" classType="Sprite_xyxyxyxyxyxyxyxyxyxyxyxyxyxyxyxyxyxyxyxyxy" isQuizSlide="1" type="ShapeAnimationSprite" spriteDuration="5236" numFrames="155" isShapeVisibleInit="0" spriteName="Sprite0" isAudioPlayTillPresent="0" triggerPresent="0"><FrameScript frameNo="1"><IsShpVisible val="0"/></FrameScript><FrameScript frameNo="5"><MainTLStopAudioOC/></FrameScript><FrameScript frameNo="21"><IsShpVisible val="1"/></FrameScript><FrameScript frameNo="154"><GotoAndStop frameNo="154"/></FrameScript><EventHandlers/><NonTriggeredAnimations><Animation startFrame="5" endFrame="25"/></NonTriggeredAnimations></AS3Class><AS3Class className="Sprite_741_21a2caad55e94d92a8bcbc5106871608xyxyxy" classType="Sprite_xyxyxyxyxyxyxyxyxyxyxyxyxyxyxyxyxyxyxyxyxy" isQuizSlide="1" type="ShapeAnimationSprite" spriteDuration="5236" numFrames="155" isShapeVisibleInit="0" spriteName="Sprite0" isAudioPlayTillPresent="0" triggerPresent="0"><FrameScript frameNo="1"><IsShpVisible val="0"/></FrameScript><FrameScript frameNo="26"><MainTLStopAudioOC/></FrameScript><FrameScript frameNo="42"><IsShpVisible val="1"/></FrameScript><FrameScript frameNo="154"><GotoAndStop frameNo="154"/></FrameScript><EventHandlers/><NonTriggeredAnimations><Animation startFrame="26" endFrame="46"/></NonTriggeredAnimations></AS3Class><AS3Class className="Sprite_744_175f681368b94dfdac584bdccebd684bxyxyxy" classType="Sprite_xyxyxyxyxyxyxyxyxyxyxyxyxyxyxyxyxyxyxyxyxy" isQuizSlide="1" type="ShapeAnimationSprite" spriteDuration="5236" numFrames="155" isShapeVisibleInit="0" spriteName="Sprite0" isAudioPlayTillPresent="0" triggerPresent="0"><FrameScript frameNo="1"><IsShpVisible val="0"/></FrameScript><FrameScript frameNo="129"><MainTLStopAudioOC/></FrameScript><FrameScript frameNo="145"><IsShpVisible val="1"/></FrameScript><FrameScript frameNo="154"><GotoAndStop frameNo="154"/></FrameScript><EventHandlers/><NonTriggeredAnimations><Animation startFrame="129" endFrame="149"/></NonTriggeredAnimations></AS3Class><AS3Class className="Sprite_747_794eb67cec2a459688ae8d56411d0ffexyxyxy" classType="Sprite_xyxyxyxyxyxyxyxyxyxyxyxyxyxyxyxyxyxyxyxyxy" isQuizSlide="1" type="ShapeAnimationSprite" spriteDuration="5236" numFrames="155" isShapeVisibleInit="0" spriteName="Sprite0" isAudioPlayTillPresent="0" triggerPresent="0"><FrameScript frameNo="1"><IsShpVisible val="0"/></FrameScript><FrameScript frameNo="108"><MainTLStopAudioOC/></FrameScript><FrameScript frameNo="124"><IsShpVisible val="1"/></FrameScript><FrameScript frameNo="154"><GotoAndStop frameNo="154"/></FrameScript><EventHandlers/><NonTriggeredAnimations><Animation startFrame="108" endFrame="128"/></NonTriggeredAnimations></AS3Class><AS3Class className="Sprite_750_b6154a105be5488dbe93f3dec224ba8fxyxyxy" classType="Sprite_xyxyxyxyxyxyxyxyxyxyxyxyxyxyxyxyxyxyxyxyxy" isQuizSlide="1" type="ShapeAnimationSprite" spriteDuration="5236" numFrames="155" isShapeVisibleInit="0" spriteName="Sprite0" isAudioPlayTillPresent="0" triggerPresent="0"><FrameScript frameNo="1"><IsShpVisible val="0"/></FrameScript><FrameScript frameNo="47"><MainTLStopAudioOC/></FrameScript><FrameScript frameNo="62"><IsShpVisible val="1"/></FrameScript><FrameScript frameNo="154"><GotoAndStop frameNo="154"/></FrameScript><EventHandlers/><NonTriggeredAnimations><Animation startFrame="47" endFrame="66"/></NonTriggeredAnimations></AS3Class><AS3Class className="Sprite_753_3e4111ca8ac540be87febb9064b26516xyxyxy" classType="Sprite_xyxyxyxyxyxyxyxyxyxyxyxyxyxyxyxyxyxyxyxyxy" isQuizSlide="1" type="ShapeAnimationSprite" spriteDuration="5236" numFrames="155" isShapeVisibleInit="0" spriteName="Sprite0" isAudioPlayTillPresent="0" triggerPresent="0"><FrameScript frameNo="1"><IsShpVisible val="0"/></FrameScript><FrameScript frameNo="67"><MainTLStopAudioOC/></FrameScript><FrameScript frameNo="83"><IsShpVisible val="1"/></FrameScript><FrameScript frameNo="154"><GotoAndStop frameNo="154"/></FrameScript><EventHandlers/><NonTriggeredAnimations><Animation startFrame="67" endFrame="87"/></NonTriggeredAnimations></AS3Class><AS3Class className="Sprite_755_e715d95e62fa40bab09010300c19df36xyxyxy" classType="Sprite_xyxyxyxyxyxyxyxyxyxyxyxyxyxyxyxyxyxyxyxyxy" isQuizSlide="1" type="ShapeAnimationSprite" spriteDuration="5236" numFrames="155" isShapeVisibleInit="0" spriteName="Sprite0" isAudioPlayTillPresent="0" triggerPresent="0"><FrameScript frameNo="1"><IsShpVisible val="0"/></FrameScript><FrameScript frameNo="88"><MainTLStopAudioOC/></FrameScript><FrameScript frameNo="103"><IsShpVisible val="1"/></FrameScript><FrameScript frameNo="154"><GotoAndStop frameNo="154"/></FrameScript><EventHandlers/><NonTriggeredAnimations><Animation startFrame="88" endFrame="107"/></NonTriggeredAnimations></AS3Class><Quiz questionType="MultipleChoice"><AS3Class className="Question10027xyxyxyxyxyxyxyxyxyxyxyxyx" classType="Question_xyxyxyxyxyxyxyxyxyxyxyxyxyxyx" numQuestionAttemptsAllowed="1" interactionType="choice" questionNumInQuiz="10027" questionText="What does 'bombing' refer to?" isTracked="1" objectiveID="Quiz10004" interactionID="Interaction10027" mustAnswerAll="0"><AS3Class className="CorrectFeedbackxyxyxyxyxyxyxyxyxyxyxyx" classType="Feedback_xyxyxyxyxyxyxyxyxyxyxyxyxyxyx" onlyDoAction="0" actionType="nextSlide" visible="0" accText="Correct - Click anywhere or press Control Y to continue " audioClipID="-1" actionArg1="" actionArg2="1"/><AS3Class className="IncorrectFeedbackxyxyxyxyxyxyxyxyxyxyx" classType="Feedback_xyxyxyxyxyxyxyxyxyxyxyxyxyxyx" onlyDoAction="0" actionType="nextSlide" visible="0" accText="Incorrect - Click anywhere or press Control Y to continue " audioClipID="-1" actionArg1="" actionArg2="1"/><AS3Class className="IncompleteFeedbackyxyxyxyxyxyxyxyxyxyx" classType="Feedback_xyxyxyxyxyxyxyxyxyxyxyxyxyxyx" onlyDoAction="0" visible="0" accText="You must answer the question before continuing "/><AS3Class className="ReviewFeedback10027xyxyxyxyxyxyxyxyxyx" classType="ReviewFeedback_xyxyxyxyxyxyxyxyxyxyxyx"/></AS3Class></Quiz></slidexml>
			<clickAnimations>
				<click startTime="167" isStartRelative="false" duration="666"/>
				<click startTime="867" isStartRelative="false" duration="666"/>
				<click startTime="1567" isStartRelative="false" duration="666"/>
				<click startTime="2267" isStartRelative="false" duration="666"/>
				<click startTime="2967" isStartRelative="false" duration="666"/>
				<click startTime="3667" isStartRelative="false" duration="666"/>
				<click startTime="4367" isStartRelative="false" duration="666"/>
			</clickAnimations>
			<flvContents/>
			<slideTitle>@What does 'bombing' refer to?@</slideTitle>
			<notes isHTML="true"></notes>
			<slideThumbnail url="thumb.swf" frame="4"/>
		</slide>
		<slide id="260" showInTOC="false" inSequence="" frameRate="30" totalFrames="180" usePptxSlideDur="0" lockInteractionSlide="false" isHiddenInteractionSl="false" isWrongInteractionSl="false" swfConvertorEngine="Nova" slideDuration="6" advance="never" blockMovement="false" hideplaybar="false" type="quiz" quiz="10004" group="-1">
			<questions>
				<question index="10039" weight="10" showCorrectFeedback="true" showIncorrectFeedback="true" isMandatory="0" scoreType="scored" shuffleAnswers="true"/>
			</questions>
			<audioFeedbacks></audioFeedbacks>
			<content url="Slide4.swf" id="260"/>
			<backdrop displayBgSp="true"/>
			<master id="1" frameNum="0"/>
			<layout id="3" frameNum="0"/>
			<slidexml><AS3Class className="TL_4b5ab16f50104b9fa6b76cdbf11d5382yxy" classType="PptTmline_xyxyxyxyxyxyxyxyxyxyxyxyxyxy" frameRate="30" normalSlide="1" pauseAfterEachAnimation="0"><FrameScript frameNo="1"><Stop/></FrameScript><ClickInfo><Clicks click="167" seqEndTime="833"/><Clicks click="867" seqEndTime="1533"/><Clicks click="1567" seqEndTime="2233"/><Clicks click="2267" seqEndTime="2933"/><Clicks click="2967" seqEndTime="3633"/><Clicks click="3667" seqEndTime="4333"/><Clicks click="4367" seqEndTime="5033"/></ClickInfo><OnLoadCallBacks><CallBack instanceName="Sprite_ID_10"/><CallBack instanceName="Sprite_ID_14"/><CallBack instanceName="Sprite_ID_18"/><CallBack instanceName="Sprite_ID_22"/><CallBack instanceName="Sprite_ID_26"/><CallBack instanceName="Sprite_ID_30"/><CallBack instanceName="Sprite_ID_6"/></OnLoadCallBacks><Audios/></AS3Class><AS3Class className="ACC_254e2ffd565249fd8a7e9807a0e8bceaxy" classType="ACCSprite_xyxyxyxyxyxyxyxyxyxyxyxyxyxy" type="AccessibilitySprite" actionas3class="" spriteName="Sprite_ID_6"><EventHandlers><EventInfo eventType="OnLoad"><Accessibility description=" Correct - Click anywhere or press Control Y to continue " silent="0" tabindex="32786"/></EventInfo></EventHandlers></AS3Class><AS3Class className="ACC_92b6a4f11f1249b2a2140ea88c28914axy" classType="ACCSprite_xyxyxyxyxyxyxyxyxyxyxyxyxyxy" type="AccessibilitySprite" actionas3class="" spriteName="Sprite_ID_10"><EventHandlers><EventInfo eventType="OnLoad"><Accessibility description=" Incorrect - Click anywhere or press Control Y to continue " silent="0" tabindex="32787"/></EventInfo></EventHandlers></AS3Class><AS3Class className="ACC_01d4805fef414c869b956e980e444226xy" classType="ACCSprite_xyxyxyxyxyxyxyxyxyxyxyxyxyxy" type="AccessibilitySprite" actionas3class="" spriteName="Sprite_ID_14"><EventHandlers><EventInfo eventType="OnLoad"><Accessibility description=" You answered this correctly! " silent="0" tabindex="32788"/></EventInfo></EventHandlers></AS3Class><AS3Class className="ACC_f7d8af38a3e54c3cb76be363909ca162xy" classType="ACCSprite_xyxyxyxyxyxyxyxyxyxyxyxyxyxy" type="AccessibilitySprite" actionas3class="" spriteName="Sprite_ID_18"><EventHandlers><EventInfo eventType="OnLoad"><Accessibility description=" Your answer: " silent="0" tabindex="32789"/></EventInfo></EventHandlers></AS3Class><AS3Class className="ACC_99485c892e5848d2b621558a72406928xy" classType="ACCSprite_xyxyxyxyxyxyxyxyxyxyxyxyxyxy" type="AccessibilitySprite" actionas3class="" spriteName="Sprite_ID_22"><EventHandlers><EventInfo eventType="OnLoad"><Accessibility description=" The correct answer is: " silent="0" tabindex="32790"/></EventInfo></EventHandlers></AS3Class><AS3Class className="ACC_38cf3d967e1b48f88901e3c121c6badbxy" classType="ACCSprite_xyxyxyxyxyxyxyxyxyxyxyxyxyxy" type="AccessibilitySprite" actionas3class="" spriteName="Sprite_ID_26"><EventHandlers><EventInfo eventType="OnLoad"><Accessibility description=" You did not answer this question completely " silent="0" tabindex="32791"/></EventInfo></EventHandlers></AS3Class><AS3Class className="ACC_8387fbea68884cd1bd596bbdf1dfc40axy" classType="ACCSprite_xyxyxyxyxyxyxyxyxyxyxyxyxyxy" type="AccessibilitySprite" actionas3class="" spriteName="Sprite_ID_30"><EventHandlers><EventInfo eventType="OnLoad"><Accessibility description=" You must answer the question before continuing " silent="0" tabindex="32792"/></EventInfo></EventHandlers></AS3Class><AS3Class className="Sprite_179_25fd1a455b674304ab8c70673d281cf2xyxyxy" classType="Sprite_xyxyxyxyxyxyxyxyxyxyxyxyxyxyxyxyxyxyxyxyxy" imageSprite="1" spriteName="Sprite_ID_179"><EventHandlers/></AS3Class><AS3Class className="Sprite_321_a5ef2cd328bc401cb77f01ab2f1189ccxyxyxy" classType="Sprite_xyxyxyxyxyxyxyxyxyxyxyxyxyxyxyxyxyxyxyxyxy" imageSprite="1" spriteName="Sprite_ID_321"><EventHandlers/></AS3Class><AS3Class className="Sprite_462_f7e9bfc8785948f1bcf667c7528001c0xyxyxy" classType="Sprite_xyxyxyxyxyxyxyxyxyxyxyxyxyxyxyxyxyxyxyxyxy" imageSprite="1" spriteName="Sprite_ID_462"><EventHandlers/></AS3Class><AS3Class className="Sprite_604_ae2d4f6e88864d4a8f59078cab50c8ebxyxyxy" classType="Sprite_xyxyxyxyxyxyxyxyxyxyxyxyxyxyxyxyxyxyxyxyxy" imageSprite="1" spriteName="Sprite_ID_604"><EventHandlers/></AS3Class><AS3Class className="Sprite_738_52f46ac42561478894034d641139a220xyxyxy" classType="Sprite_xyxyxyxyxyxyxyxyxyxyxyxyxyxyxyxyxyxyxyxyxy" isQuizSlide="1" type="ShapeAnimationSprite" spriteDuration="5236" numFrames="155" isShapeVisibleInit="0" spriteName="Sprite0" isAudioPlayTillPresent="0" triggerPresent="0"><FrameScript frameNo="1"><IsShpVisible val="0"/></FrameScript><FrameScript frameNo="5"><MainTLStopAudioOC/></FrameScript><FrameScript frameNo="21"><IsShpVisible val="1"/></FrameScript><FrameScript frameNo="154"><GotoAndStop frameNo="154"/></FrameScript><EventHandlers/><NonTriggeredAnimations><Animation startFrame="5" endFrame="25"/></NonTriggeredAnimations></AS3Class><AS3Class className="Sprite_741_6094de28906e43eb8c650cb99ed7bb01xyxyxy" classType="Sprite_xyxyxyxyxyxyxyxyxyxyxyxyxyxyxyxyxyxyxyxyxy" isQuizSlide="1" type="ShapeAnimationSprite" spriteDuration="5236" numFrames="155" isShapeVisibleInit="0" spriteName="Sprite0" isAudioPlayTillPresent="0" triggerPresent="0"><FrameScript frameNo="1"><IsShpVisible val="0"/></FrameScript><FrameScript frameNo="26"><MainTLStopAudioOC/></FrameScript><FrameScript frameNo="42"><IsShpVisible val="1"/></FrameScript><FrameScript frameNo="154"><GotoAndStop frameNo="154"/></FrameScript><EventHandlers/><NonTriggeredAnimations><Animation startFrame="26" endFrame="46"/></NonTriggeredAnimations></AS3Class><AS3Class className="Sprite_744_139c297ec80644cfb9b2e76187ad3dadxyxyxy" classType="Sprite_xyxyxyxyxyxyxyxyxyxyxyxyxyxyxyxyxyxyxyxyxy" isQuizSlide="1" type="ShapeAnimationSprite" spriteDuration="5236" numFrames="155" isShapeVisibleInit="0" spriteName="Sprite0" isAudioPlayTillPresent="0" triggerPresent="0"><FrameScript frameNo="1"><IsShpVisible val="0"/></FrameScript><FrameScript frameNo="129"><MainTLStopAudioOC/></FrameScript><FrameScript frameNo="145"><IsShpVisible val="1"/></FrameScript><FrameScript frameNo="154"><GotoAndStop frameNo="154"/></FrameScript><EventHandlers/><NonTriggeredAnimations><Animation startFrame="129" endFrame="149"/></NonTriggeredAnimations></AS3Class><AS3Class className="Sprite_747_1fd8e8a8b09745ce90e64efcbf1297b0xyxyxy" classType="Sprite_xyxyxyxyxyxyxyxyxyxyxyxyxyxyxyxyxyxyxyxyxy" isQuizSlide="1" type="ShapeAnimationSprite" spriteDuration="5236" numFrames="155" isShapeVisibleInit="0" spriteName="Sprite0" isAudioPlayTillPresent="0" triggerPresent="0"><FrameScript frameNo="1"><IsShpVisible val="0"/></FrameScript><FrameScript frameNo="108"><MainTLStopAudioOC/></FrameScript><FrameScript frameNo="124"><IsShpVisible val="1"/></FrameScript><FrameScript frameNo="154"><GotoAndStop frameNo="154"/></FrameScript><EventHandlers/><NonTriggeredAnimations><Animation startFrame="108" endFrame="128"/></NonTriggeredAnimations></AS3Class><AS3Class className="Sprite_750_8af48fff21f04b09a9e93e03365bd0dcxyxyxy" classType="Sprite_xyxyxyxyxyxyxyxyxyxyxyxyxyxyxyxyxyxyxyxyxy" isQuizSlide="1" type="ShapeAnimationSprite" spriteDuration="5236" numFrames="155" isShapeVisibleInit="0" spriteName="Sprite0" isAudioPlayTillPresent="0" triggerPresent="0"><FrameScript frameNo="1"><IsShpVisible val="0"/></FrameScript><FrameScript frameNo="47"><MainTLStopAudioOC/></FrameScript><FrameScript frameNo="62"><IsShpVisible val="1"/></FrameScript><FrameScript frameNo="154"><GotoAndStop frameNo="154"/></FrameScript><EventHandlers/><NonTriggeredAnimations><Animation startFrame="47" endFrame="66"/></NonTriggeredAnimations></AS3Class><AS3Class className="Sprite_753_cb2f664d60fd4eeabcdcf20e33d8f295xyxyxy" classType="Sprite_xyxyxyxyxyxyxyxyxyxyxyxyxyxyxyxyxyxyxyxyxy" isQuizSlide="1" type="ShapeAnimationSprite" spriteDuration="5236" numFrames="155" isShapeVisibleInit="0" spriteName="Sprite0" isAudioPlayTillPresent="0" triggerPresent="0"><FrameScript frameNo="1"><IsShpVisible val="0"/></FrameScript><FrameScript frameNo="67"><MainTLStopAudioOC/></FrameScript><FrameScript frameNo="83"><IsShpVisible val="1"/></FrameScript><FrameScript frameNo="154"><GotoAndStop frameNo="154"/></FrameScript><EventHandlers/><NonTriggeredAnimations><Animation startFrame="67" endFrame="87"/></NonTriggeredAnimations></AS3Class><AS3Class className="Sprite_755_b454e02471c847f5b6cec62d469bcc47xyxyxy" classType="Sprite_xyxyxyxyxyxyxyxyxyxyxyxyxyxyxyxyxyxyxyxyxy" isQuizSlide="1" type="ShapeAnimationSprite" spriteDuration="5236" numFrames="155" isShapeVisibleInit="0" spriteName="Sprite0" isAudioPlayTillPresent="0" triggerPresent="0"><FrameScript frameNo="1"><IsShpVisible val="0"/></FrameScript><FrameScript frameNo="88"><MainTLStopAudioOC/></FrameScript><FrameScript frameNo="103"><IsShpVisible val="1"/></FrameScript><FrameScript frameNo="154"><GotoAndStop frameNo="154"/></FrameScript><EventHandlers/><NonTriggeredAnimations><Animation startFrame="88" endFrame="107"/></NonTriggeredAnimations></AS3Class><Quiz questionType="MultipleChoice"><AS3Class className="Question10039xyxyxyxyxyxyxyxyxyxyxyxyx" classType="Question_xyxyxyxyxyxyxyxyxyxyxyxyxyxyx" numQuestionAttemptsAllowed="1" interactionType="choice" questionNumInQuiz="10039" questionText="What does 'stomp' mean?" isTracked="1" objectiveID="Quiz10004" interactionID="Interaction10039" mustAnswerAll="0"><AS3Class className="CorrectFeedbackxyxyxyxyxyxyxyxyxyxyxyx" classType="Feedback_xyxyxyxyxyxyxyxyxyxyxyxyxyxyx" onlyDoAction="0" actionType="nextSlide" visible="0" accText="Correct - Click anywhere or press Control Y to continue " audioClipID="-1" actionArg1="" actionArg2="1"/><AS3Class className="IncorrectFeedbackxyxyxyxyxyxyxyxyxyxyx" classType="Feedback_xyxyxyxyxyxyxyxyxyxyxyxyxyxyx" onlyDoAction="0" actionType="nextSlide" visible="0" accText="Incorrect - Click anywhere or press Control Y to continue " audioClipID="-1" actionArg1="" actionArg2="1"/><AS3Class className="IncompleteFeedbackyxyxyxyxyxyxyxyxyxyx" classType="Feedback_xyxyxyxyxyxyxyxyxyxyxyxyxyxyx" onlyDoAction="0" visible="0" accText="You must answer the question before continuing "/><AS3Class className="ReviewFeedback10039xyxyxyxyxyxyxyxyxyx" classType="ReviewFeedback_xyxyxyxyxyxyxyxyxyxyxyx"/></AS3Class></Quiz></slidexml>
			<clickAnimations>
				<click startTime="167" isStartRelative="false" duration="666"/>
				<click startTime="867" isStartRelative="false" duration="666"/>
				<click startTime="1567" isStartRelative="false" duration="666"/>
				<click startTime="2267" isStartRelative="false" duration="666"/>
				<click startTime="2967" isStartRelative="false" duration="666"/>
				<click startTime="3667" isStartRelative="false" duration="666"/>
				<click startTime="4367" isStartRelative="false" duration="666"/>
			</clickAnimations>
			<flvContents/>
			<slideTitle>@What does 'stomp' mean?@</slideTitle>
			<notes isHTML="true"></notes>
			<slideThumbnail url="thumb.swf" frame="5"/>
		</slide>
		<slide id="261" showInTOC="false" inSequence="" frameRate="30" totalFrames="180" usePptxSlideDur="0" lockInteractionSlide="false" isHiddenInteractionSl="false" isWrongInteractionSl="false" swfConvertorEngine="Nova" slideDuration="6" advance="never" blockMovement="false" hideplaybar="false" type="quiz" quiz="10004" group="-1">
			<questions>
				<question index="10051" weight="10" showCorrectFeedback="true" showIncorrectFeedback="true" isMandatory="0" scoreType="scored" shuffleAnswers="false"/>
			</questions>
			<audioFeedbacks></audioFeedbacks>
			<content url="Slide5.swf" id="261"/>
			<backdrop displayBgSp="true"/>
			<master id="1" frameNum="0"/>
			<layout id="3" frameNum="0"/>
			<slidexml><AS3Class className="TL_92fc1cf2b328483ab8a2e539a18fb919yxy" classType="PptTmline_xyxyxyxyxyxyxyxyxyxyxyxyxyxy" frameRate="30" normalSlide="1" pauseAfterEachAnimation="0"><FrameScript frameNo="1"><Stop/></FrameScript><ClickInfo><Clicks click="167" seqEndTime="833"/><Clicks click="867" seqEndTime="1533"/><Clicks click="1567" seqEndTime="2233"/><Clicks click="2267" seqEndTime="2933"/><Clicks click="2967" seqEndTime="3633"/><Clicks click="3667" seqEndTime="4333"/><Clicks click="4367" seqEndTime="5033"/></ClickInfo><OnLoadCallBacks><CallBack instanceName="Sprite_ID_10"/><CallBack instanceName="Sprite_ID_14"/><CallBack instanceName="Sprite_ID_18"/><CallBack instanceName="Sprite_ID_22"/><CallBack instanceName="Sprite_ID_26"/><CallBack instanceName="Sprite_ID_30"/><CallBack instanceName="Sprite_ID_6"/></OnLoadCallBacks><Audios/></AS3Class><AS3Class className="ACC_2559009e1a304c4785efe50b7959b659xy" classType="ACCSprite_xyxyxyxyxyxyxyxyxyxyxyxyxyxy" type="AccessibilitySprite" actionas3class="" spriteName="Sprite_ID_6"><EventHandlers><EventInfo eventType="OnLoad"><Accessibility description=" Correct - Click anywhere or press Control Y to continue " silent="0" tabindex="32793"/></EventInfo></EventHandlers></AS3Class><AS3Class className="ACC_90853c3653fe4d55ad7cf4288d7eb81cxy" classType="ACCSprite_xyxyxyxyxyxyxyxyxyxyxyxyxyxy" type="AccessibilitySprite" actionas3class="" spriteName="Sprite_ID_10"><EventHandlers><EventInfo eventType="OnLoad"><Accessibility description=" Incorrect - Click anywhere or press Control Y to continue " silent="0" tabindex="32794"/></EventInfo></EventHandlers></AS3Class><AS3Class className="ACC_4cdbbdb5574b4352988de341e0a86366xy" classType="ACCSprite_xyxyxyxyxyxyxyxyxyxyxyxyxyxy" type="AccessibilitySprite" actionas3class="" spriteName="Sprite_ID_14"><EventHandlers><EventInfo eventType="OnLoad"><Accessibility description=" You answered this correctly! " silent="0" tabindex="32795"/></EventInfo></EventHandlers></AS3Class><AS3Class className="ACC_c445caebbd414d0394ac613a45873c0dxy" classType="ACCSprite_xyxyxyxyxyxyxyxyxyxyxyxyxyxy" type="AccessibilitySprite" actionas3class="" spriteName="Sprite_ID_18"><EventHandlers><EventInfo eventType="OnLoad"><Accessibility description=" Your answer: " silent="0" tabindex="32796"/></EventInfo></EventHandlers></AS3Class><AS3Class className="ACC_f3fa15028208418ebb13f73f04051965xy" classType="ACCSprite_xyxyxyxyxyxyxyxyxyxyxyxyxyxy" type="AccessibilitySprite" actionas3class="" spriteName="Sprite_ID_22"><EventHandlers><EventInfo eventType="OnLoad"><Accessibility description=" The correct answer is: " silent="0" tabindex="32797"/></EventInfo></EventHandlers></AS3Class><AS3Class className="ACC_1e10d02b9a97428c9c02551d98da9198xy" classType="ACCSprite_xyxyxyxyxyxyxyxyxyxyxyxyxyxy" type="AccessibilitySprite" actionas3class="" spriteName="Sprite_ID_26"><EventHandlers><EventInfo eventType="OnLoad"><Accessibility description=" You did not answer this question completely " silent="0" tabindex="32798"/></EventInfo></EventHandlers></AS3Class><AS3Class className="ACC_d8f2fc64db8449518df702ba62a1d6e7xy" classType="ACCSprite_xyxyxyxyxyxyxyxyxyxyxyxyxyxy" type="AccessibilitySprite" actionas3class="" spriteName="Sprite_ID_30"><EventHandlers><EventInfo eventType="OnLoad"><Accessibility description=" You must answer the question before continuing " silent="0" tabindex="32799"/></EventInfo></EventHandlers></AS3Class><AS3Class className="Sprite_181_76402e2b04cb457a91afe6c6e196366dxyxyxy" classType="Sprite_xyxyxyxyxyxyxyxyxyxyxyxyxyxyxyxyxyxyxyxyxy" imageSprite="1" spriteName="Sprite_ID_181"><EventHandlers/></AS3Class><AS3Class className="Sprite_322_1e96033c20364e1c8e76ddb4838a7e8axyxyxy" classType="Sprite_xyxyxyxyxyxyxyxyxyxyxyxyxyxyxyxyxyxyxyxyxy" imageSprite="1" spriteName="Sprite_ID_322"><EventHandlers/></AS3Class><AS3Class className="Sprite_462_456610ddfa4f457caf02962f35440364xyxyxy" classType="Sprite_xyxyxyxyxyxyxyxyxyxyxyxyxyxyxyxyxyxyxyxyxy" imageSprite="1" spriteName="Sprite_ID_462"><EventHandlers/></AS3Class><AS3Class className="Sprite_602_7504475fbe2c49a3947dfc1d1f6d9e5cxyxyxy" classType="Sprite_xyxyxyxyxyxyxyxyxyxyxyxyxyxyxyxyxyxyxyxyxy" imageSprite="1" spriteName="Sprite_ID_602"><EventHandlers/></AS3Class><AS3Class className="Sprite_736_11e280342bd64b64a3e110095fcc3ef1xyxyxy" classType="Sprite_xyxyxyxyxyxyxyxyxyxyxyxyxyxyxyxyxyxyxyxyxy" isQuizSlide="1" type="ShapeAnimationSprite" spriteDuration="5236" numFrames="155" isShapeVisibleInit="0" spriteName="Sprite0" isAudioPlayTillPresent="0" triggerPresent="0"><FrameScript frameNo="1"><IsShpVisible val="0"/></FrameScript><FrameScript frameNo="5"><MainTLStopAudioOC/></FrameScript><FrameScript frameNo="21"><IsShpVisible val="1"/></FrameScript><FrameScript frameNo="154"><GotoAndStop frameNo="154"/></FrameScript><EventHandlers/><NonTriggeredAnimations><Animation startFrame="5" endFrame="25"/></NonTriggeredAnimations></AS3Class><AS3Class className="Sprite_739_2b3aafcb09f940ea8f4bc95775dbb434xyxyxy" classType="Sprite_xyxyxyxyxyxyxyxyxyxyxyxyxyxyxyxyxyxyxyxyxy" isQuizSlide="1" type="ShapeAnimationSprite" spriteDuration="5236" numFrames="155" isShapeVisibleInit="0" spriteName="Sprite0" isAudioPlayTillPresent="0" triggerPresent="0"><FrameScript frameNo="1"><IsShpVisible val="0"/></FrameScript><FrameScript frameNo="26"><MainTLStopAudioOC/></FrameScript><FrameScript frameNo="42"><IsShpVisible val="1"/></FrameScript><FrameScript frameNo="154"><GotoAndStop frameNo="154"/></FrameScript><EventHandlers/><NonTriggeredAnimations><Animation startFrame="26" endFrame="46"/></NonTriggeredAnimations></AS3Class><AS3Class className="Sprite_742_472810043f4f461387df8c5e98858641xyxyxy" classType="Sprite_xyxyxyxyxyxyxyxyxyxyxyxyxyxyxyxyxyxyxyxyxy" isQuizSlide="1" type="ShapeAnimationSprite" spriteDuration="5236" numFrames="155" isShapeVisibleInit="0" spriteName="Sprite0" isAudioPlayTillPresent="0" triggerPresent="0"><FrameScript frameNo="1"><IsShpVisible val="0"/></FrameScript><FrameScript frameNo="129"><MainTLStopAudioOC/></FrameScript><FrameScript frameNo="145"><IsShpVisible val="1"/></FrameScript><FrameScript frameNo="154"><GotoAndStop frameNo="154"/></FrameScript><EventHandlers/><NonTriggeredAnimations><Animation startFrame="129" endFrame="149"/></NonTriggeredAnimations></AS3Class><AS3Class className="Sprite_745_3c3ed109aa7a43f68c7a6e6f8e744bf0xyxyxy" classType="Sprite_xyxyxyxyxyxyxyxyxyxyxyxyxyxyxyxyxyxyxyxyxy" isQuizSlide="1" type="ShapeAnimationSprite" spriteDuration="5236" numFrames="155" isShapeVisibleInit="0" spriteName="Sprite0" isAudioPlayTillPresent="0" triggerPresent="0"><FrameScript frameNo="1"><IsShpVisible val="0"/></FrameScript><FrameScript frameNo="108"><MainTLStopAudioOC/></FrameScript><FrameScript frameNo="124"><IsShpVisible val="1"/></FrameScript><FrameScript frameNo="154"><GotoAndStop frameNo="154"/></FrameScript><EventHandlers/><NonTriggeredAnimations><Animation startFrame="108" endFrame="128"/></NonTriggeredAnimations></AS3Class><AS3Class className="Sprite_748_48cf1b6abb8a43f1885410ef855f24cfxyxyxy" classType="Sprite_xyxyxyxyxyxyxyxyxyxyxyxyxyxyxyxyxyxyxyxyxy" isQuizSlide="1" type="ShapeAnimationSprite" spriteDuration="5236" numFrames="155" isShapeVisibleInit="0" spriteName="Sprite0" isAudioPlayTillPresent="0" triggerPresent="0"><FrameScript frameNo="1"><IsShpVisible val="0"/></FrameScript><FrameScript frameNo="47"><MainTLStopAudioOC/></FrameScript><FrameScript frameNo="62"><IsShpVisible val="1"/></FrameScript><FrameScript frameNo="154"><GotoAndStop frameNo="154"/></FrameScript><EventHandlers/><NonTriggeredAnimations><Animation startFrame="47" endFrame="66"/></NonTriggeredAnimations></AS3Class><AS3Class className="Sprite_751_9fdc5c54c26a44d1b9bc4cd44ebe7e94xyxyxy" classType="Sprite_xyxyxyxyxyxyxyxyxyxyxyxyxyxyxyxyxyxyxyxyxy" isQuizSlide="1" type="ShapeAnimationSprite" spriteDuration="5236" numFrames="155" isShapeVisibleInit="0" spriteName="Sprite0" isAudioPlayTillPresent="0" triggerPresent="0"><FrameScript frameNo="1"><IsShpVisible val="0"/></FrameScript><FrameScript frameNo="67"><MainTLStopAudioOC/></FrameScript><FrameScript frameNo="83"><IsShpVisible val="1"/></FrameScript><FrameScript frameNo="154"><GotoAndStop frameNo="154"/></FrameScript><EventHandlers/><NonTriggeredAnimations><Animation startFrame="67" endFrame="87"/></NonTriggeredAnimations></AS3Class><AS3Class className="Sprite_753_9e66f00771104d5390b1f3af29e1056cxyxyxy" classType="Sprite_xyxyxyxyxyxyxyxyxyxyxyxyxyxyxyxyxyxyxyxyxy" isQuizSlide="1" type="ShapeAnimationSprite" spriteDuration="5236" numFrames="155" isShapeVisibleInit="0" spriteName="Sprite0" isAudioPlayTillPresent="0" triggerPresent="0"><FrameScript frameNo="1"><IsShpVisible val="0"/></FrameScript><FrameScript frameNo="88"><MainTLStopAudioOC/></FrameScript><FrameScript frameNo="103"><IsShpVisible val="1"/></FrameScript><FrameScript frameNo="154"><GotoAndStop frameNo="154"/></FrameScript><EventHandlers/><NonTriggeredAnimations><Animation startFrame="88" endFrame="107"/></NonTriggeredAnimations></AS3Class><Quiz questionType="MultipleChoice"><AS3Class className="Question10051xyxyxyxyxyxyxyxyxyxyxyxyx" classType="Question_xyxyxyxyxyxyxyxyxyxyxyxyxyxyx" numQuestionAttemptsAllowed="1" interactionType="choice" questionNumInQuiz="10051" questionText="What is a 'kicker'?" isTracked="1" objectiveID="Quiz10004" interactionID="Interaction10051" mustAnswerAll="0"><AS3Class className="CorrectFeedbackxyxyxyxyxyxyxyxyxyxyxyx" classType="Feedback_xyxyxyxyxyxyxyxyxyxyxyxyxyxyx" onlyDoAction="0" actionType="nextSlide" visible="0" accText="Correct - Click anywhere or press Control Y to continue " audioClipID="-1" actionArg1="" actionArg2="1"/><AS3Class className="IncorrectFeedbackxyxyxyxyxyxyxyxyxyxyx" classType="Feedback_xyxyxyxyxyxyxyxyxyxyxyxyxyxyx" onlyDoAction="0" actionType="nextSlide" visible="0" accText="Incorrect - Click anywhere or press Control Y to continue " audioClipID="-1" actionArg1="" actionArg2="1"/><AS3Class className="IncompleteFeedbackyxyxyxyxyxyxyxyxyxyx" classType="Feedback_xyxyxyxyxyxyxyxyxyxyxyxyxyxyx" onlyDoAction="0" visible="0" accText="You must answer the question before continuing "/><AS3Class className="ReviewFeedback10051xyxyxyxyxyxyxyxyxyx" classType="ReviewFeedback_xyxyxyxyxyxyxyxyxyxyxyx"/></AS3Class></Quiz></slidexml>
			<clickAnimations>
				<click startTime="167" isStartRelative="false" duration="666"/>
				<click startTime="867" isStartRelative="false" duration="666"/>
				<click startTime="1567" isStartRelative="false" duration="666"/>
				<click startTime="2267" isStartRelative="false" duration="666"/>
				<click startTime="2967" isStartRelative="false" duration="666"/>
				<click startTime="3667" isStartRelative="false" duration="666"/>
				<click startTime="4367" isStartRelative="false" duration="666"/>
			</clickAnimations>
			<flvContents/>
			<slideTitle>@What is a 'kicker'?@</slideTitle>
			<notes isHTML="true"></notes>
			<slideThumbnail url="thumb.swf" frame="6"/>
		</slide>
		<slide id="263" showInTOC="false" inSequence="" frameRate="30" totalFrames="180" usePptxSlideDur="0" lockInteractionSlide="false" isHiddenInteractionSl="false" isWrongInteractionSl="false" swfConvertorEngine="Nova" slideDuration="6" advance="never" blockMovement="false" hideplaybar="false" type="quiz" quiz="10004" group="-1">
			<questions>
				<question index="10069" weight="10" showCorrectFeedback="true" showIncorrectFeedback="true" isMandatory="0" scoreType="scored" shuffleAnswers="true"/>
			</questions>
			<audioFeedbacks></audioFeedbacks>
			<content url="Slide6.swf" id="263"/>
			<backdrop displayBgSp="true"/>
			<master id="1" frameNum="0"/>
			<layout id="3" frameNum="0"/>
			<slidexml><AS3Class className="TL_72b40b9523254e6eaac63111a985cb87yxy" classType="PptTmline_xyxyxyxyxyxyxyxyxyxyxyxyxyxy" frameRate="30" normalSlide="1" pauseAfterEachAnimation="0"><FrameScript frameNo="1"><Stop/></FrameScript><ClickInfo><Clicks click="167" seqEndTime="833"/><Clicks click="867" seqEndTime="1533"/><Clicks click="1567" seqEndTime="2233"/><Clicks click="2267" seqEndTime="2933"/><Clicks click="2967" seqEndTime="3633"/><Clicks click="3667" seqEndTime="4333"/><Clicks click="4367" seqEndTime="5033"/></ClickInfo><OnLoadCallBacks><CallBack instanceName="Sprite_ID_10"/><CallBack instanceName="Sprite_ID_14"/><CallBack instanceName="Sprite_ID_18"/><CallBack instanceName="Sprite_ID_22"/><CallBack instanceName="Sprite_ID_26"/><CallBack instanceName="Sprite_ID_30"/><CallBack instanceName="Sprite_ID_6"/></OnLoadCallBacks><Audios/></AS3Class><AS3Class className="ACC_e535d85d5ceb423c97192de5459274b8xy" classType="ACCSprite_xyxyxyxyxyxyxyxyxyxyxyxyxyxy" type="AccessibilitySprite" actionas3class="" spriteName="Sprite_ID_6"><EventHandlers><EventInfo eventType="OnLoad"><Accessibility description=" Correct - Click anywhere or press Control Y to continue " silent="0" tabindex="32800"/></EventInfo></EventHandlers></AS3Class><AS3Class className="ACC_c61bd1cf130a4bf3b19180dd035c2facxy" classType="ACCSprite_xyxyxyxyxyxyxyxyxyxyxyxyxyxy" type="AccessibilitySprite" actionas3class="" spriteName="Sprite_ID_10"><EventHandlers><EventInfo eventType="OnLoad"><Accessibility description=" Incorrect - Click anywhere or press Control Y to continue " silent="0" tabindex="32801"/></EventInfo></EventHandlers></AS3Class><AS3Class className="ACC_a4bd114acbaa44f2a498495fb0fb6d15xy" classType="ACCSprite_xyxyxyxyxyxyxyxyxyxyxyxyxyxy" type="AccessibilitySprite" actionas3class="" spriteName="Sprite_ID_14"><EventHandlers><EventInfo eventType="OnLoad"><Accessibility description=" You answered this correctly! " silent="0" tabindex="32802"/></EventInfo></EventHandlers></AS3Class><AS3Class className="ACC_112c1c2ad6014131bf670eb4ef89fbfdxy" classType="ACCSprite_xyxyxyxyxyxyxyxyxyxyxyxyxyxy" type="AccessibilitySprite" actionas3class="" spriteName="Sprite_ID_18"><EventHandlers><EventInfo eventType="OnLoad"><Accessibility description=" Your answer: " silent="0" tabindex="32803"/></EventInfo></EventHandlers></AS3Class><AS3Class className="ACC_3abb1b5915264b95b3a14fe39ab89d64xy" classType="ACCSprite_xyxyxyxyxyxyxyxyxyxyxyxyxyxy" type="AccessibilitySprite" actionas3class="" spriteName="Sprite_ID_22"><EventHandlers><EventInfo eventType="OnLoad"><Accessibility description=" The correct answer is: " silent="0" tabindex="32804"/></EventInfo></EventHandlers></AS3Class><AS3Class className="ACC_81c9960823ff4778a69da142aed219dfxy" classType="ACCSprite_xyxyxyxyxyxyxyxyxyxyxyxyxyxy" type="AccessibilitySprite" actionas3class="" spriteName="Sprite_ID_26"><EventHandlers><EventInfo eventType="OnLoad"><Accessibility description=" You did not answer this question completely " silent="0" tabindex="32805"/></EventInfo></EventHandlers></AS3Class><AS3Class className="ACC_fab7828a888149f296521f971a40e5ecxy" classType="ACCSprite_xyxyxyxyxyxyxyxyxyxyxyxyxyxy" type="AccessibilitySprite" actionas3class="" spriteName="Sprite_ID_30"><EventHandlers><EventInfo eventType="OnLoad"><Accessibility description=" You must answer the question before continuing " silent="0" tabindex="32806"/></EventInfo></EventHandlers></AS3Class><AS3Class className="Sprite_178_7107857a1bdc4867967fedd6f5a9daebxyxyxy" classType="Sprite_xyxyxyxyxyxyxyxyxyxyxyxyxyxyxyxyxyxyxyxyxy" imageSprite="1" spriteName="Sprite_ID_178"><EventHandlers/></AS3Class><AS3Class className="Sprite_319_f1eb4785749048d29696b94f89a76414xyxyxy" classType="Sprite_xyxyxyxyxyxyxyxyxyxyxyxyxyxyxyxyxyxyxyxyxy" imageSprite="1" spriteName="Sprite_ID_319"><EventHandlers/></AS3Class><AS3Class className="Sprite_462_9f12900fb8d34f1086e0be6b1c788f0cxyxyxy" classType="Sprite_xyxyxyxyxyxyxyxyxyxyxyxyxyxyxyxyxyxyxyxyxy" imageSprite="1" spriteName="Sprite_ID_462"><EventHandlers/></AS3Class><AS3Class className="Sprite_602_885c9ebac33c4f149cbea4a0d8def43fxyxyxy" classType="Sprite_xyxyxyxyxyxyxyxyxyxyxyxyxyxyxyxyxyxyxyxyxy" imageSprite="1" spriteName="Sprite_ID_602"><EventHandlers/></AS3Class><AS3Class className="Sprite_736_36a8eedf429743eb9ba7171f7123fdfbxyxyxy" classType="Sprite_xyxyxyxyxyxyxyxyxyxyxyxyxyxyxyxyxyxyxyxyxy" isQuizSlide="1" type="ShapeAnimationSprite" spriteDuration="5236" numFrames="155" isShapeVisibleInit="0" spriteName="Sprite0" isAudioPlayTillPresent="0" triggerPresent="0"><FrameScript frameNo="1"><IsShpVisible val="0"/></FrameScript><FrameScript frameNo="5"><MainTLStopAudioOC/></FrameScript><FrameScript frameNo="21"><IsShpVisible val="1"/></FrameScript><FrameScript frameNo="154"><GotoAndStop frameNo="154"/></FrameScript><EventHandlers/><NonTriggeredAnimations><Animation startFrame="5" endFrame="25"/></NonTriggeredAnimations></AS3Class><AS3Class className="Sprite_739_4fa1c80546894e20b8c63a75c3653be5xyxyxy" classType="Sprite_xyxyxyxyxyxyxyxyxyxyxyxyxyxyxyxyxyxyxyxyxy" isQuizSlide="1" type="ShapeAnimationSprite" spriteDuration="5236" numFrames="155" isShapeVisibleInit="0" spriteName="Sprite0" isAudioPlayTillPresent="0" triggerPresent="0"><FrameScript frameNo="1"><IsShpVisible val="0"/></FrameScript><FrameScript frameNo="26"><MainTLStopAudioOC/></FrameScript><FrameScript frameNo="42"><IsShpVisible val="1"/></FrameScript><FrameScript frameNo="154"><GotoAndStop frameNo="154"/></FrameScript><EventHandlers/><NonTriggeredAnimations><Animation startFrame="26" endFrame="46"/></NonTriggeredAnimations></AS3Class><AS3Class className="Sprite_742_ea9c938dbf70484fb7d0707fc339ffb8xyxyxy" classType="Sprite_xyxyxyxyxyxyxyxyxyxyxyxyxyxyxyxyxyxyxyxyxy" isQuizSlide="1" type="ShapeAnimationSprite" spriteDuration="5236" numFrames="155" isShapeVisibleInit="0" spriteName="Sprite0" isAudioPlayTillPresent="0" triggerPresent="0"><FrameScript frameNo="1"><IsShpVisible val="0"/></FrameScript><FrameScript frameNo="129"><MainTLStopAudioOC/></FrameScript><FrameScript frameNo="145"><IsShpVisible val="1"/></FrameScript><FrameScript frameNo="154"><GotoAndStop frameNo="154"/></FrameScript><EventHandlers/><NonTriggeredAnimations><Animation startFrame="129" endFrame="149"/></NonTriggeredAnimations></AS3Class><AS3Class className="Sprite_745_c29ed1f2bbee4649977b0cefd3ffc6b3xyxyxy" classType="Sprite_xyxyxyxyxyxyxyxyxyxyxyxyxyxyxyxyxyxyxyxyxy" isQuizSlide="1" type="ShapeAnimationSprite" spriteDuration="5236" numFrames="155" isShapeVisibleInit="0" spriteName="Sprite0" isAudioPlayTillPresent="0" triggerPresent="0"><FrameScript frameNo="1"><IsShpVisible val="0"/></FrameScript><FrameScript frameNo="108"><MainTLStopAudioOC/></FrameScript><FrameScript frameNo="124"><IsShpVisible val="1"/></FrameScript><FrameScript frameNo="154"><GotoAndStop frameNo="154"/></FrameScript><EventHandlers/><NonTriggeredAnimations><Animation startFrame="108" endFrame="128"/></NonTriggeredAnimations></AS3Class><AS3Class className="Sprite_748_3bbc7ddc79284d94b077882d55c89697xyxyxy" classType="Sprite_xyxyxyxyxyxyxyxyxyxyxyxyxyxyxyxyxyxyxyxyxy" isQuizSlide="1" type="ShapeAnimationSprite" spriteDuration="5236" numFrames="155" isShapeVisibleInit="0" spriteName="Sprite0" isAudioPlayTillPresent="0" triggerPresent="0"><FrameScript frameNo="1"><IsShpVisible val="0"/></FrameScript><FrameScript frameNo="47"><MainTLStopAudioOC/></FrameScript><FrameScript frameNo="62"><IsShpVisible val="1"/></FrameScript><FrameScript frameNo="154"><GotoAndStop frameNo="154"/></FrameScript><EventHandlers/><NonTriggeredAnimations><Animation startFrame="47" endFrame="66"/></NonTriggeredAnimations></AS3Class><AS3Class className="Sprite_751_70b3eb898dc24ef39f27ea4677ceb3b4xyxyxy" classType="Sprite_xyxyxyxyxyxyxyxyxyxyxyxyxyxyxyxyxyxyxyxyxy" isQuizSlide="1" type="ShapeAnimationSprite" spriteDuration="5236" numFrames="155" isShapeVisibleInit="0" spriteName="Sprite0" isAudioPlayTillPresent="0" triggerPresent="0"><FrameScript frameNo="1"><IsShpVisible val="0"/></FrameScript><FrameScript frameNo="67"><MainTLStopAudioOC/></FrameScript><FrameScript frameNo="83"><IsShpVisible val="1"/></FrameScript><FrameScript frameNo="154"><GotoAndStop frameNo="154"/></FrameScript><EventHandlers/><NonTriggeredAnimations><Animation startFrame="67" endFrame="87"/></NonTriggeredAnimations></AS3Class><AS3Class className="Sprite_753_7ab2055948064f9aae6556d66b99c5aexyxyxy" classType="Sprite_xyxyxyxyxyxyxyxyxyxyxyxyxyxyxyxyxyxyxyxyxy" isQuizSlide="1" type="ShapeAnimationSprite" spriteDuration="5236" numFrames="155" isShapeVisibleInit="0" spriteName="Sprite0" isAudioPlayTillPresent="0" triggerPresent="0"><FrameScript frameNo="1"><IsShpVisible val="0"/></FrameScript><FrameScript frameNo="88"><MainTLStopAudioOC/></FrameScript><FrameScript frameNo="103"><IsShpVisible val="1"/></FrameScript><FrameScript frameNo="154"><GotoAndStop frameNo="154"/></FrameScript><EventHandlers/><NonTriggeredAnimations><Animation startFrame="88" endFrame="107"/></NonTriggeredAnimations></AS3Class><Quiz questionType="MultipleChoice"><AS3Class className="Question10069xyxyxyxyxyxyxyxyxyxyxyxyx" classType="Question_xyxyxyxyxyxyxyxyxyxyxyxyxyxyx" numQuestionAttemptsAllowed="1" interactionType="choice" questionNumInQuiz="10069" questionText="What is 'chatter'?" isTracked="1" objectiveID="Quiz10004" interactionID="Interaction10069" mustAnswerAll="0"><AS3Class className="CorrectFeedbackxyxyxyxyxyxyxyxyxyxyxyx" classType="Feedback_xyxyxyxyxyxyxyxyxyxyxyxyxyxyx" onlyDoAction="0" actionType="nextSlide" visible="0" accText="Correct - Click anywhere or press Control Y to continue " audioClipID="-1" actionArg1="" actionArg2="1"/><AS3Class className="IncorrectFeedbackxyxyxyxyxyxyxyxyxyxyx" classType="Feedback_xyxyxyxyxyxyxyxyxyxyxyxyxyxyx" onlyDoAction="0" actionType="nextSlide" visible="0" accText="Incorrect - Click anywhere or press Control Y to continue " audioClipID="-1" actionArg1="" actionArg2="1"/><AS3Class className="IncompleteFeedbackyxyxyxyxyxyxyxyxyxyx" classType="Feedback_xyxyxyxyxyxyxyxyxyxyxyxyxyxyx" onlyDoAction="0" visible="0" accText="You must answer the question before continuing "/><AS3Class className="ReviewFeedback10069xyxyxyxyxyxyxyxyxyx" classType="ReviewFeedback_xyxyxyxyxyxyxyxyxyxyxyx"/></AS3Class></Quiz></slidexml>
			<clickAnimations>
				<click startTime="167" isStartRelative="false" duration="666"/>
				<click startTime="867" isStartRelative="false" duration="666"/>
				<click startTime="1567" isStartRelative="false" duration="666"/>
				<click startTime="2267" isStartRelative="false" duration="666"/>
				<click startTime="2967" isStartRelative="false" duration="666"/>
				<click startTime="3667" isStartRelative="false" duration="666"/>
				<click startTime="4367" isStartRelative="false" duration="666"/>
			</clickAnimations>
			<flvContents/>
			<slideTitle>@What is 'chatter'?@</slideTitle>
			<notes isHTML="true"></notes>
			<slideThumbnail url="thumb.swf" frame="7"/>
		</slide>
		<slide id="264" showInTOC="false" inSequence="" frameRate="30" totalFrames="180" usePptxSlideDur="0" lockInteractionSlide="false" isHiddenInteractionSl="false" isWrongInteractionSl="false" swfConvertorEngine="Nova" slideDuration="6" advance="never" blockMovement="false" hideplaybar="false" type="quiz" quiz="10004" group="-1">
			<questions>
				<question index="10081" weight="10" showCorrectFeedback="true" showIncorrectFeedback="true" isMandatory="0" scoreType="scored" shuffleAnswers="true"/>
			</questions>
			<audioFeedbacks></audioFeedbacks>
			<content url="Slide7.swf" id="264"/>
			<backdrop displayBgSp="true"/>
			<master id="1" frameNum="0"/>
			<layout id="3" frameNum="0"/>
			<slidexml><AS3Class className="TL_4ce1e7681ee34451a40f2f5e06c1200fyxy" classType="PptTmline_xyxyxyxyxyxyxyxyxyxyxyxyxyxy" frameRate="30" normalSlide="1" pauseAfterEachAnimation="0"><FrameScript frameNo="1"><Stop/></FrameScript><ClickInfo><Clicks click="167" seqEndTime="833"/><Clicks click="867" seqEndTime="1533"/><Clicks click="1567" seqEndTime="2233"/><Clicks click="2267" seqEndTime="2933"/><Clicks click="2967" seqEndTime="3633"/><Clicks click="3667" seqEndTime="4333"/><Clicks click="4367" seqEndTime="5033"/></ClickInfo><OnLoadCallBacks><CallBack instanceName="Sprite_ID_10"/><CallBack instanceName="Sprite_ID_14"/><CallBack instanceName="Sprite_ID_18"/><CallBack instanceName="Sprite_ID_22"/><CallBack instanceName="Sprite_ID_26"/><CallBack instanceName="Sprite_ID_30"/><CallBack instanceName="Sprite_ID_6"/></OnLoadCallBacks><Audios/></AS3Class><AS3Class className="ACC_fe9acedeae4a4398a6f4819aa8114247xy" classType="ACCSprite_xyxyxyxyxyxyxyxyxyxyxyxyxyxy" type="AccessibilitySprite" actionas3class="" spriteName="Sprite_ID_6"><EventHandlers><EventInfo eventType="OnLoad"><Accessibility description=" Correct - Click anywhere or press Control Y to continue " silent="0" tabindex="32807"/></EventInfo></EventHandlers></AS3Class><AS3Class className="ACC_0f40316b8f0a4b43b555bc60dc17fe90xy" classType="ACCSprite_xyxyxyxyxyxyxyxyxyxyxyxyxyxy" type="AccessibilitySprite" actionas3class="" spriteName="Sprite_ID_10"><EventHandlers><EventInfo eventType="OnLoad"><Accessibility description=" Incorrect - Click anywhere or press Control Y to continue " silent="0" tabindex="32808"/></EventInfo></EventHandlers></AS3Class><AS3Class className="ACC_5b1a4f32ef4c48a2ade15691f63619e6xy" classType="ACCSprite_xyxyxyxyxyxyxyxyxyxyxyxyxyxy" type="AccessibilitySprite" actionas3class="" spriteName="Sprite_ID_14"><EventHandlers><EventInfo eventType="OnLoad"><Accessibility description=" You answered this correctly! " silent="0" tabindex="32809"/></EventInfo></EventHandlers></AS3Class><AS3Class className="ACC_eb96aabff447471f86489608e019aef7xy" classType="ACCSprite_xyxyxyxyxyxyxyxyxyxyxyxyxyxy" type="AccessibilitySprite" actionas3class="" spriteName="Sprite_ID_18"><EventHandlers><EventInfo eventType="OnLoad"><Accessibility description=" Your answer: " silent="0" tabindex="32810"/></EventInfo></EventHandlers></AS3Class><AS3Class className="ACC_69ad7243cbda408c860740fa11656993xy" classType="ACCSprite_xyxyxyxyxyxyxyxyxyxyxyxyxyxy" type="AccessibilitySprite" actionas3class="" spriteName="Sprite_ID_22"><EventHandlers><EventInfo eventType="OnLoad"><Accessibility description=" The correct answer is: " silent="0" tabindex="32811"/></EventInfo></EventHandlers></AS3Class><AS3Class className="ACC_6d728a8389ed480389b145ffd837840cxy" classType="ACCSprite_xyxyxyxyxyxyxyxyxyxyxyxyxyxy" type="AccessibilitySprite" actionas3class="" spriteName="Sprite_ID_26"><EventHandlers><EventInfo eventType="OnLoad"><Accessibility description=" You did not answer this question completely " silent="0" tabindex="32812"/></EventInfo></EventHandlers></AS3Class><AS3Class className="ACC_1b9daa34cb064a7397228088eec8c80axy" classType="ACCSprite_xyxyxyxyxyxyxyxyxyxyxyxyxyxy" type="AccessibilitySprite" actionas3class="" spriteName="Sprite_ID_30"><EventHandlers><EventInfo eventType="OnLoad"><Accessibility description=" You must answer the question before continuing " silent="0" tabindex="32813"/></EventInfo></EventHandlers></AS3Class><AS3Class className="Sprite_180_92a8de27a5ba4dd5b61da5d518beaf6axyxyxy" classType="Sprite_xyxyxyxyxyxyxyxyxyxyxyxyxyxyxyxyxyxyxyxyxy" imageSprite="1" spriteName="Sprite_ID_180"><EventHandlers/></AS3Class><AS3Class className="Sprite_322_e73bc226d5bf42d6a8fd5eacfb532261xyxyxy" classType="Sprite_xyxyxyxyxyxyxyxyxyxyxyxyxyxyxyxyxyxyxyxyxy" imageSprite="1" spriteName="Sprite_ID_322"><EventHandlers/></AS3Class><AS3Class className="Sprite_462_259685fd30be498db643388b005892e2xyxyxy" classType="Sprite_xyxyxyxyxyxyxyxyxyxyxyxyxyxyxyxyxyxyxyxyxy" imageSprite="1" spriteName="Sprite_ID_462"><EventHandlers/></AS3Class><AS3Class className="Sprite_603_17b6bb335c4b4186a944ed2fc4f1a001xyxyxy" classType="Sprite_xyxyxyxyxyxyxyxyxyxyxyxyxyxyxyxyxyxyxyxyxy" imageSprite="1" spriteName="Sprite_ID_603"><EventHandlers/></AS3Class><AS3Class className="Sprite_737_d3b43352755c4dee9f422855d7063c95xyxyxy" classType="Sprite_xyxyxyxyxyxyxyxyxyxyxyxyxyxyxyxyxyxyxyxyxy" isQuizSlide="1" type="ShapeAnimationSprite" spriteDuration="5236" numFrames="155" isShapeVisibleInit="0" spriteName="Sprite0" isAudioPlayTillPresent="0" triggerPresent="0"><FrameScript frameNo="1"><IsShpVisible val="0"/></FrameScript><FrameScript frameNo="5"><MainTLStopAudioOC/></FrameScript><FrameScript frameNo="21"><IsShpVisible val="1"/></FrameScript><FrameScript frameNo="154"><GotoAndStop frameNo="154"/></FrameScript><EventHandlers/><NonTriggeredAnimations><Animation startFrame="5" endFrame="25"/></NonTriggeredAnimations></AS3Class><AS3Class className="Sprite_740_32839dcf18b7420f89eab12257951511xyxyxy" classType="Sprite_xyxyxyxyxyxyxyxyxyxyxyxyxyxyxyxyxyxyxyxyxy" isQuizSlide="1" type="ShapeAnimationSprite" spriteDuration="5236" numFrames="155" isShapeVisibleInit="0" spriteName="Sprite0" isAudioPlayTillPresent="0" triggerPresent="0"><FrameScript frameNo="1"><IsShpVisible val="0"/></FrameScript><FrameScript frameNo="26"><MainTLStopAudioOC/></FrameScript><FrameScript frameNo="42"><IsShpVisible val="1"/></FrameScript><FrameScript frameNo="154"><GotoAndStop frameNo="154"/></FrameScript><EventHandlers/><NonTriggeredAnimations><Animation startFrame="26" endFrame="46"/></NonTriggeredAnimations></AS3Class><AS3Class className="Sprite_743_79e9ffb30002479891d0e318da582ce8xyxyxy" classType="Sprite_xyxyxyxyxyxyxyxyxyxyxyxyxyxyxyxyxyxyxyxyxy" isQuizSlide="1" type="ShapeAnimationSprite" spriteDuration="5236" numFrames="155" isShapeVisibleInit="0" spriteName="Sprite0" isAudioPlayTillPresent="0" triggerPresent="0"><FrameScript frameNo="1"><IsShpVisible val="0"/></FrameScript><FrameScript frameNo="129"><MainTLStopAudioOC/></FrameScript><FrameScript frameNo="145"><IsShpVisible val="1"/></FrameScript><FrameScript frameNo="154"><GotoAndStop frameNo="154"/></FrameScript><EventHandlers/><NonTriggeredAnimations><Animation startFrame="129" endFrame="149"/></NonTriggeredAnimations></AS3Class><AS3Class className="Sprite_746_8cb346b3cf284fc49f47a275c979b41cxyxyxy" classType="Sprite_xyxyxyxyxyxyxyxyxyxyxyxyxyxyxyxyxyxyxyxyxy" isQuizSlide="1" type="ShapeAnimationSprite" spriteDuration="5236" numFrames="155" isShapeVisibleInit="0" spriteName="Sprite0" isAudioPlayTillPresent="0" triggerPresent="0"><FrameScript frameNo="1"><IsShpVisible val="0"/></FrameScript><FrameScript frameNo="108"><MainTLStopAudioOC/></FrameScript><FrameScript frameNo="124"><IsShpVisible val="1"/></FrameScript><FrameScript frameNo="154"><GotoAndStop frameNo="154"/></FrameScript><EventHandlers/><NonTriggeredAnimations><Animation startFrame="108" endFrame="128"/></NonTriggeredAnimations></AS3Class><AS3Class className="Sprite_749_0a201f35bc4c44d4871fc279d4ed5758xyxyxy" classType="Sprite_xyxyxyxyxyxyxyxyxyxyxyxyxyxyxyxyxyxyxyxyxy" isQuizSlide="1" type="ShapeAnimationSprite" spriteDuration="5236" numFrames="155" isShapeVisibleInit="0" spriteName="Sprite0" isAudioPlayTillPresent="0" triggerPresent="0"><FrameScript frameNo="1"><IsShpVisible val="0"/></FrameScript><FrameScript frameNo="47"><MainTLStopAudioOC/></FrameScript><FrameScript frameNo="62"><IsShpVisible val="1"/></FrameScript><FrameScript frameNo="154"><GotoAndStop frameNo="154"/></FrameScript><EventHandlers/><NonTriggeredAnimations><Animation startFrame="47" endFrame="66"/></NonTriggeredAnimations></AS3Class><AS3Class className="Sprite_752_d85e45b121c344d180f94c8a191a28d1xyxyxy" classType="Sprite_xyxyxyxyxyxyxyxyxyxyxyxyxyxyxyxyxyxyxyxyxy" isQuizSlide="1" type="ShapeAnimationSprite" spriteDuration="5236" numFrames="155" isShapeVisibleInit="0" spriteName="Sprite0" isAudioPlayTillPresent="0" triggerPresent="0"><FrameScript frameNo="1"><IsShpVisible val="0"/></FrameScript><FrameScript frameNo="67"><MainTLStopAudioOC/></FrameScript><FrameScript frameNo="83"><IsShpVisible val="1"/></FrameScript><FrameScript frameNo="154"><GotoAndStop frameNo="154"/></FrameScript><EventHandlers/><NonTriggeredAnimations><Animation startFrame="67" endFrame="87"/></NonTriggeredAnimations></AS3Class><AS3Class className="Sprite_754_da5ff96ed557422488f7ba2026caf357xyxyxy" classType="Sprite_xyxyxyxyxyxyxyxyxyxyxyxyxyxyxyxyxyxyxyxyxy" isQuizSlide="1" type="ShapeAnimationSprite" spriteDuration="5236" numFrames="155" isShapeVisibleInit="0" spriteName="Sprite0" isAudioPlayTillPresent="0" triggerPresent="0"><FrameScript frameNo="1"><IsShpVisible val="0"/></FrameScript><FrameScript frameNo="88"><MainTLStopAudioOC/></FrameScript><FrameScript frameNo="103"><IsShpVisible val="1"/></FrameScript><FrameScript frameNo="154"><GotoAndStop frameNo="154"/></FrameScript><EventHandlers/><NonTriggeredAnimations><Animation startFrame="88" endFrame="107"/></NonTriggeredAnimations></AS3Class><Quiz questionType="MultipleChoice"><AS3Class className="Question10081xyxyxyxyxyxyxyxyxyxyxyxyx" classType="Question_xyxyxyxyxyxyxyxyxyxyxyxyxyxyx" numQuestionAttemptsAllowed="1" interactionType="choice" questionNumInQuiz="10081" questionText="A 'liftie' is..." isTracked="1" objectiveID="Quiz10004" interactionID="Interaction10081" mustAnswerAll="0"><AS3Class className="CorrectFeedbackxyxyxyxyxyxyxyxyxyxyxyx" classType="Feedback_xyxyxyxyxyxyxyxyxyxyxyxyxyxyx" onlyDoAction="0" actionType="nextSlide" visible="0" accText="Correct - Click anywhere or press Control Y to continue " audioClipID="-1" actionArg1="" actionArg2="1"/><AS3Class className="IncorrectFeedbackxyxyxyxyxyxyxyxyxyxyx" classType="Feedback_xyxyxyxyxyxyxyxyxyxyxyxyxyxyx" onlyDoAction="0" actionType="nextSlide" visible="0" accText="Incorrect - Click anywhere or press Control Y to continue " audioClipID="-1" actionArg1="" actionArg2="1"/><AS3Class className="IncompleteFeedbackyxyxyxyxyxyxyxyxyxyx" classType="Feedback_xyxyxyxyxyxyxyxyxyxyxyxyxyxyx" onlyDoAction="0" visible="0" accText="You must answer the question before continuing "/><AS3Class className="ReviewFeedback10081xyxyxyxyxyxyxyxyxyx" classType="ReviewFeedback_xyxyxyxyxyxyxyxyxyxyxyx"/></AS3Class></Quiz></slidexml>
			<clickAnimations>
				<click startTime="167" isStartRelative="false" duration="666"/>
				<click startTime="867" isStartRelative="false" duration="666"/>
				<click startTime="1567" isStartRelative="false" duration="666"/>
				<click startTime="2267" isStartRelative="false" duration="666"/>
				<click startTime="2967" isStartRelative="false" duration="666"/>
				<click startTime="3667" isStartRelative="false" duration="666"/>
				<click startTime="4367" isStartRelative="false" duration="666"/>
			</clickAnimations>
			<flvContents/>
			<slideTitle>@A 'liftie' is...@</slideTitle>
			<notes isHTML="true"></notes>
			<slideThumbnail url="thumb.swf" frame="8"/>
		</slide>
		<slide id="265" showInTOC="false" inSequence="" frameRate="30" totalFrames="180" usePptxSlideDur="0" lockInteractionSlide="false" isHiddenInteractionSl="false" isWrongInteractionSl="false" swfConvertorEngine="Nova" slideDuration="6" advance="never" blockMovement="false" hideplaybar="false" type="quiz" quiz="10004" group="-1">
			<questions>
				<question index="10093" weight="10" showCorrectFeedback="true" showIncorrectFeedback="true" isMandatory="0" scoreType="scored" shuffleAnswers="true"/>
			</questions>
			<audioFeedbacks></audioFeedbacks>
			<content url="Slide8.swf" id="265"/>
			<backdrop displayBgSp="true"/>
			<master id="1" frameNum="0"/>
			<layout id="3" frameNum="0"/>
			<slidexml><AS3Class className="TL_5551c9bbce2b4fc991c0c7cd4430b709yxy" classType="PptTmline_xyxyxyxyxyxyxyxyxyxyxyxyxyxy" frameRate="30" normalSlide="1" pauseAfterEachAnimation="0"><FrameScript frameNo="1"><Stop/></FrameScript><ClickInfo><Clicks click="167" seqEndTime="833"/><Clicks click="867" seqEndTime="1533"/><Clicks click="1567" seqEndTime="2233"/><Clicks click="2267" seqEndTime="2933"/><Clicks click="2967" seqEndTime="3633"/><Clicks click="3667" seqEndTime="4333"/><Clicks click="4367" seqEndTime="5033"/></ClickInfo><OnLoadCallBacks><CallBack instanceName="Sprite_ID_10"/><CallBack instanceName="Sprite_ID_14"/><CallBack instanceName="Sprite_ID_18"/><CallBack instanceName="Sprite_ID_22"/><CallBack instanceName="Sprite_ID_26"/><CallBack instanceName="Sprite_ID_30"/><CallBack instanceName="Sprite_ID_6"/></OnLoadCallBacks><Audios/></AS3Class><AS3Class className="ACC_2aec0bd79b6c4e238df83d7fff5ba44axy" classType="ACCSprite_xyxyxyxyxyxyxyxyxyxyxyxyxyxy" type="AccessibilitySprite" actionas3class="" spriteName="Sprite_ID_6"><EventHandlers><EventInfo eventType="OnLoad"><Accessibility description=" Correct - Click anywhere or press Control Y to continue " silent="0" tabindex="32814"/></EventInfo></EventHandlers></AS3Class><AS3Class className="ACC_fd2d9a1c55d148fb9646d94785e9ea4fxy" classType="ACCSprite_xyxyxyxyxyxyxyxyxyxyxyxyxyxy" type="AccessibilitySprite" actionas3class="" spriteName="Sprite_ID_10"><EventHandlers><EventInfo eventType="OnLoad"><Accessibility description=" Incorrect - Click anywhere or press Control Y to continue " silent="0" tabindex="32815"/></EventInfo></EventHandlers></AS3Class><AS3Class className="ACC_f373603812e04676a3750e54460c260cxy" classType="ACCSprite_xyxyxyxyxyxyxyxyxyxyxyxyxyxy" type="AccessibilitySprite" actionas3class="" spriteName="Sprite_ID_14"><EventHandlers><EventInfo eventType="OnLoad"><Accessibility description=" You answered this correctly! " silent="0" tabindex="32816"/></EventInfo></EventHandlers></AS3Class><AS3Class className="ACC_1e50a26b4a954ca99f2a30d215115b03xy" classType="ACCSprite_xyxyxyxyxyxyxyxyxyxyxyxyxyxy" type="AccessibilitySprite" actionas3class="" spriteName="Sprite_ID_18"><EventHandlers><EventInfo eventType="OnLoad"><Accessibility description=" Your answer: " silent="0" tabindex="32817"/></EventInfo></EventHandlers></AS3Class><AS3Class className="ACC_0496d0da20564fd3bc7c6420261da712xy" classType="ACCSprite_xyxyxyxyxyxyxyxyxyxyxyxyxyxy" type="AccessibilitySprite" actionas3class="" spriteName="Sprite_ID_22"><EventHandlers><EventInfo eventType="OnLoad"><Accessibility description=" The correct answer is: " silent="0" tabindex="32818"/></EventInfo></EventHandlers></AS3Class><AS3Class className="ACC_aa218a8df07640cba0fcd418b6d12509xy" classType="ACCSprite_xyxyxyxyxyxyxyxyxyxyxyxyxyxy" type="AccessibilitySprite" actionas3class="" spriteName="Sprite_ID_26"><EventHandlers><EventInfo eventType="OnLoad"><Accessibility description=" You did not answer this question completely " silent="0" tabindex="32819"/></EventInfo></EventHandlers></AS3Class><AS3Class className="ACC_57aff7973a5d45cfb7fb5cb8871777f2xy" classType="ACCSprite_xyxyxyxyxyxyxyxyxyxyxyxyxyxy" type="AccessibilitySprite" actionas3class="" spriteName="Sprite_ID_30"><EventHandlers><EventInfo eventType="OnLoad"><Accessibility description=" You must answer the question before continuing " silent="0" tabindex="32820"/></EventInfo></EventHandlers></AS3Class><AS3Class className="Sprite_178_4deee1c4097d4e3ca9b63a0d0d737580xyxyxy" classType="Sprite_xyxyxyxyxyxyxyxyxyxyxyxyxyxyxyxyxyxyxyxyxy" imageSprite="1" spriteName="Sprite_ID_178"><EventHandlers/></AS3Class><AS3Class className="Sprite_320_8c64314792c64b9e80f1e692b1348a7axyxyxy" classType="Sprite_xyxyxyxyxyxyxyxyxyxyxyxyxyxyxyxyxyxyxyxyxy" imageSprite="1" spriteName="Sprite_ID_320"><EventHandlers/></AS3Class><AS3Class className="Sprite_464_e82164b6f1ab451aa51b267cf1885002xyxyxy" classType="Sprite_xyxyxyxyxyxyxyxyxyxyxyxyxyxyxyxyxyxyxyxyxy" imageSprite="1" spriteName="Sprite_ID_464"><EventHandlers/></AS3Class><AS3Class className="Sprite_605_a0f1853d8dce4a3991a135a7f1a47a62xyxyxy" classType="Sprite_xyxyxyxyxyxyxyxyxyxyxyxyxyxyxyxyxyxyxyxyxy" imageSprite="1" spriteName="Sprite_ID_605"><EventHandlers/></AS3Class><AS3Class className="Sprite_739_d98dd41d45b94a0691d3fc6a35fc0242xyxyxy" classType="Sprite_xyxyxyxyxyxyxyxyxyxyxyxyxyxyxyxyxyxyxyxyxy" isQuizSlide="1" type="ShapeAnimationSprite" spriteDuration="5236" numFrames="155" isShapeVisibleInit="0" spriteName="Sprite0" isAudioPlayTillPresent="0" triggerPresent="0"><FrameScript frameNo="1"><IsShpVisible val="0"/></FrameScript><FrameScript frameNo="5"><MainTLStopAudioOC/></FrameScript><FrameScript frameNo="21"><IsShpVisible val="1"/></FrameScript><FrameScript frameNo="154"><GotoAndStop frameNo="154"/></FrameScript><EventHandlers/><NonTriggeredAnimations><Animation startFrame="5" endFrame="25"/></NonTriggeredAnimations></AS3Class><AS3Class className="Sprite_742_207aeb91403a41048ad3cafdc89f1921xyxyxy" classType="Sprite_xyxyxyxyxyxyxyxyxyxyxyxyxyxyxyxyxyxyxyxyxy" isQuizSlide="1" type="ShapeAnimationSprite" spriteDuration="5236" numFrames="155" isShapeVisibleInit="0" spriteName="Sprite0" isAudioPlayTillPresent="0" triggerPresent="0"><FrameScript frameNo="1"><IsShpVisible val="0"/></FrameScript><FrameScript frameNo="26"><MainTLStopAudioOC/></FrameScript><FrameScript frameNo="42"><IsShpVisible val="1"/></FrameScript><FrameScript frameNo="154"><GotoAndStop frameNo="154"/></FrameScript><EventHandlers/><NonTriggeredAnimations><Animation startFrame="26" endFrame="46"/></NonTriggeredAnimations></AS3Class><AS3Class className="Sprite_745_5591245537be47eea9dddc8b40de5380xyxyxy" classType="Sprite_xyxyxyxyxyxyxyxyxyxyxyxyxyxyxyxyxyxyxyxyxy" isQuizSlide="1" type="ShapeAnimationSprite" spriteDuration="5236" numFrames="155" isShapeVisibleInit="0" spriteName="Sprite0" isAudioPlayTillPresent="0" triggerPresent="0"><FrameScript frameNo="1"><IsShpVisible val="0"/></FrameScript><FrameScript frameNo="129"><MainTLStopAudioOC/></FrameScript><FrameScript frameNo="145"><IsShpVisible val="1"/></FrameScript><FrameScript frameNo="154"><GotoAndStop frameNo="154"/></FrameScript><EventHandlers/><NonTriggeredAnimations><Animation startFrame="129" endFrame="149"/></NonTriggeredAnimations></AS3Class><AS3Class className="Sprite_748_0ad45572718e44d5bbebaf2d6c8cd84exyxyxy" classType="Sprite_xyxyxyxyxyxyxyxyxyxyxyxyxyxyxyxyxyxyxyxyxy" isQuizSlide="1" type="ShapeAnimationSprite" spriteDuration="5236" numFrames="155" isShapeVisibleInit="0" spriteName="Sprite0" isAudioPlayTillPresent="0" triggerPresent="0"><FrameScript frameNo="1"><IsShpVisible val="0"/></FrameScript><FrameScript frameNo="108"><MainTLStopAudioOC/></FrameScript><FrameScript frameNo="124"><IsShpVisible val="1"/></FrameScript><FrameScript frameNo="154"><GotoAndStop frameNo="154"/></FrameScript><EventHandlers/><NonTriggeredAnimations><Animation startFrame="108" endFrame="128"/></NonTriggeredAnimations></AS3Class><AS3Class className="Sprite_751_24f9791bbcce4be49faa6f32e0ac1637xyxyxy" classType="Sprite_xyxyxyxyxyxyxyxyxyxyxyxyxyxyxyxyxyxyxyxyxy" isQuizSlide="1" type="ShapeAnimationSprite" spriteDuration="5236" numFrames="155" isShapeVisibleInit="0" spriteName="Sprite0" isAudioPlayTillPresent="0" triggerPresent="0"><FrameScript frameNo="1"><IsShpVisible val="0"/></FrameScript><FrameScript frameNo="47"><MainTLStopAudioOC/></FrameScript><FrameScript frameNo="62"><IsShpVisible val="1"/></FrameScript><FrameScript frameNo="154"><GotoAndStop frameNo="154"/></FrameScript><EventHandlers/><NonTriggeredAnimations><Animation startFrame="47" endFrame="66"/></NonTriggeredAnimations></AS3Class><AS3Class className="Sprite_754_631240daef464d77b632092be0dfdbe2xyxyxy" classType="Sprite_xyxyxyxyxyxyxyxyxyxyxyxyxyxyxyxyxyxyxyxyxy" isQuizSlide="1" type="ShapeAnimationSprite" spriteDuration="5236" numFrames="155" isShapeVisibleInit="0" spriteName="Sprite0" isAudioPlayTillPresent="0" triggerPresent="0"><FrameScript frameNo="1"><IsShpVisible val="0"/></FrameScript><FrameScript frameNo="67"><MainTLStopAudioOC/></FrameScript><FrameScript frameNo="83"><IsShpVisible val="1"/></FrameScript><FrameScript frameNo="154"><GotoAndStop frameNo="154"/></FrameScript><EventHandlers/><NonTriggeredAnimations><Animation startFrame="67" endFrame="87"/></NonTriggeredAnimations></AS3Class><AS3Class className="Sprite_756_56b25ee032284004935f22717753b683xyxyxy" classType="Sprite_xyxyxyxyxyxyxyxyxyxyxyxyxyxyxyxyxyxyxyxyxy" isQuizSlide="1" type="ShapeAnimationSprite" spriteDuration="5236" numFrames="155" isShapeVisibleInit="0" spriteName="Sprite0" isAudioPlayTillPresent="0" triggerPresent="0"><FrameScript frameNo="1"><IsShpVisible val="0"/></FrameScript><FrameScript frameNo="88"><MainTLStopAudioOC/></FrameScript><FrameScript frameNo="103"><IsShpVisible val="1"/></FrameScript><FrameScript frameNo="154"><GotoAndStop frameNo="154"/></FrameScript><EventHandlers/><NonTriggeredAnimations><Animation startFrame="88" endFrame="107"/></NonTriggeredAnimations></AS3Class><Quiz questionType="MultipleChoice"><AS3Class className="Question10093xyxyxyxyxyxyxyxyxyxyxyxyx" classType="Question_xyxyxyxyxyxyxyxyxyxyxyxyxyxyx" numQuestionAttemptsAllowed="1" interactionType="choice" questionNumInQuiz="10093" questionText="What is 'jibbing'?" isTracked="1" objectiveID="Quiz10004" interactionID="Interaction10093" mustAnswerAll="0"><AS3Class className="CorrectFeedbackxyxyxyxyxyxyxyxyxyxyxyx" classType="Feedback_xyxyxyxyxyxyxyxyxyxyxyxyxyxyx" onlyDoAction="0" actionType="nextSlide" visible="0" accText="Correct - Click anywhere or press Control Y to continue " audioClipID="-1" actionArg1="" actionArg2="1"/><AS3Class className="IncorrectFeedbackxyxyxyxyxyxyxyxyxyxyx" classType="Feedback_xyxyxyxyxyxyxyxyxyxyxyxyxyxyx" onlyDoAction="0" actionType="nextSlide" visible="0" accText="Incorrect - Click anywhere or press Control Y to continue " audioClipID="-1" actionArg1="" actionArg2="1"/><AS3Class className="IncompleteFeedbackyxyxyxyxyxyxyxyxyxyx" classType="Feedback_xyxyxyxyxyxyxyxyxyxyxyxyxyxyx" onlyDoAction="0" visible="0" accText="You must answer the question before continuing "/><AS3Class className="ReviewFeedback10093xyxyxyxyxyxyxyxyxyx" classType="ReviewFeedback_xyxyxyxyxyxyxyxyxyxyxyx"/></AS3Class></Quiz></slidexml>
			<clickAnimations>
				<click startTime="167" isStartRelative="false" duration="666"/>
				<click startTime="867" isStartRelative="false" duration="666"/>
				<click startTime="1567" isStartRelative="false" duration="666"/>
				<click startTime="2267" isStartRelative="false" duration="666"/>
				<click startTime="2967" isStartRelative="false" duration="666"/>
				<click startTime="3667" isStartRelative="false" duration="666"/>
				<click startTime="4367" isStartRelative="false" duration="666"/>
			</clickAnimations>
			<flvContents/>
			<slideTitle>@What is 'jibbing'?@</slideTitle>
			<notes isHTML="true"></notes>
			<slideThumbnail url="thumb.swf" frame="9"/>
		</slide>
		<slide id="262" showInTOC="false" inSequence="" frameRate="30" totalFrames="30" usePptxSlideDur="0" lockInteractionSlide="false" isHiddenInteractionSl="false" isWrongInteractionSl="false" swfConvertorEngine="Nova" slideDuration="5" advance="never" blockMovement="false" hideplaybar="false" type="scoring" quiz="10004">
			<content url="Slide9.swf" id="262"/>
			<backdrop displayBgSp="true"/>
			<master id="1" frameNum="0"/>
			<layout id="3" frameNum="0"/>
			<slidexml><AS3Class className="TL_17190072c9a64efa96967b4c4a009fccyxy" classType="PptTmline_xyxyxyxyxyxyxyxyxyxyxyxyxyxy" frameRate="30" normalSlide="1" pauseAfterEachAnimation="0"><FrameScript frameNo="1"><Stop/></FrameScript><ClickInfo><Clicks click="167" seqEndTime="833"/></ClickInfo><OnLoadCallBacks><CallBack instanceName="Sprite_ID_44"/></OnLoadCallBacks><Audios/></AS3Class><AS3Class className="ACC_b94f74f531864ddd8d5e3b0fb7730478xy" classType="ACCSprite_xyxyxyxyxyxyxyxyxyxyxyxyxyxy" type="AccessibilitySprite" actionas3class="" spriteName="Sprite_ID_44"><EventHandlers><EventInfo eventType="OnLoad"><Accessibility description=" Question Feedback/Review Information Will Appear Here " silent="0" tabindex="32821"/></EventInfo></EventHandlers></AS3Class><AS3Class className="Sprite_40_a6b73b196bf7461cbac81eaa8882f669yxyxyxy" classType="Sprite_xyxyxyxyxyxyxyxyxyxyxyxyxyxyxyxyxyxyxyxyxy" isQuizSlide="1" type="ShapeAnimationSprite" spriteDuration="952" numFrames="29" spriteName="Sprite40" isAudioPlayTillPresent="0" triggerPresent="0"><EventHandlers/></AS3Class><Quiz questionType="ScoringSlide"/></slidexml>
			<clickAnimations>
				<click startTime="167" isStartRelative="false" duration="666"/>
			</clickAnimations>
			<flvContents/>
			<slideTitle>@Quiz@</slideTitle>
			<notes isHTML="true"></notes>
			<slideThumbnail url="thumb.swf" frame="10"/>
		</slide>
	</slides>
	<quizzes>
		<reportingOptions statusReportingOption="1" successReportingCriteria="4" completionReportingCriteria="-1" slideViewCompletionCriteria="-1" slideViewSuccessCriteria="-1" quizCompletionCriteria="-1" quizSuccessCriteria="-1" completionCriteriaSlideViewVal="0" successCriteriaSlideViewVal="0" dataToReport="1" exitNormal="0" isTracked="true" LMSType="SCORM_1_2" AuthorwareDelimeter="," trackingLevel="score" completionValueToSend="default" completionTrigger="breeze" trackingURLEncodeVersionAndSession="true" trackingCharsToNotUrlEncode="" trackingSendInterval="1" completionSlideViewPercentage="100" trackingSendResumeData="true" sendScoreAsPercent="true"></reportingOptions>
		<quizSettings showQuestionList="true" showScores="true" showPassScore="false" showCurrentScore="false" showQuestionMarks="false" showAttempts="true" showQuizAttempts="false" showQuestionAttempts="false" showQuestionCorrectFeedback="true" showQuestionIncorrectFeedback="true" showQuizNavigationWarning="true"></quizSettings>
		<quiz quizID="10004" title="Quiz" numQuizAttemptsAllowed="1" minScore="0" passingScore="80" percent="true" passingGradeAction="nextSlide" passingGradeActionArg1="" passingGradeActionArg2="1" failingGradeAction="nextSlide" failingGradeActionArg1="" failingGradeActionArg2="1" questionAdvance="optional" quizAdvance="optional" showProgress="minimal" allowBackwardMovementInQuiz="true" allowReviewMode="true" passedScoreFeedback="Passed" failedScoreFeedback="Failed" shuffleQuestions="0">
			<questiongroups></questiongroups>
		</quiz>
	</quizzes>
	<attachments></attachments>
</presentation>
